Decimal_Year,Index
2012.295081967213,1385.14
2012.2978142076502,1376.92
2012.3005464480875,1378.53
2012.308743169399,1366.94
2012.311475409836,1371.97
2012.3142076502731,1390.69
2012.3169398907103,1399.98
2012.3196721311476,1403.36
2012.327868852459,1397.91
2012.3306010928961,1405.82
2012.3333333333333,1402.31
2012.3360655737704,1391.57
2012.3387978142077,1369.1
2012.3469945355191,1369.58
2012.3497267759562,1363.72
2012.3524590163934,1354.58
2012.3551912568305,1357.99
2012.3579234972678,1353.39
2012.3661202185792,1338.35
2012.3688524590164,1330.66
2012.3715846994535,1324.8
2012.3743169398906,1304.86
2012.377049180328,1295.22
2012.3852459016393,1315.99
2012.3879781420765,1316.63
2012.3907103825136,1318.86
2012.3934426229507,1320.68
2012.396174863388,1317.82
2012.4071038251366,1332.42
2012.4098360655737,1313.32
2012.4125683060108,1310.33
2012.4153005464482,1278.04
2012.4234972677596,1278.18
2012.4262295081967,1285.5
2012.4289617486338,1315.13
2012.431693989071,1314.99
2012.4344262295083,1325.66
2012.4426229508197,1308.93
2012.4453551912568,1324.18
2012.448087431694,1314.88
2012.450819672131,1329.1
2012.4535519125684,1342.84
2012.4617486338798,1344.78
2012.464480874317,1357.98
2012.467213114754,1355.69
2012.4699453551912,1325.51
2012.4726775956285,1335.02
2012.48087431694,1313.72
2012.483606557377,1319.99
2012.4863387978141,1331.85
2012.4890710382513,1329.04
2012.4918032786886,1362.16
2012.5,1365.51
2012.5027322404371,1374.02
2012.5081967213114,1367.58
2012.5109289617487,1354.68
2012.51912568306,1352.46
2012.5218579234972,1341.47
2012.5245901639344,1341.45
2012.5273224043715,1334.76
2012.5300546448088,1356.78
2012.5382513661202,1353.64
2012.5409836065573,1363.67
2012.5437158469945,1372.78
2012.5464480874316,1376.51
2012.549180327869,1362.66
2012.5573770491803,1350.52
2012.5601092896175,1338.31
2012.5628415300546,1337.89
2012.5655737704917,1360.02
2012.568306010929,1385.97
2012.5765027322404,1385.3
2012.5792349726776,1379.32
2012.5819672131147,1375.32
2012.5846994535518,1365.0
2012.5874316939892,1390.99
2012.5956284153006,1394.23
2012.5983606557377,1401.35
2012.6010928961748,1402.22
2012.603825136612,1402.8
2012.6065573770493,1405.87
2012.6147540983607,1404.11
2012.6174863387978,1403.93
2012.620218579235,1405.53
2012.622950819672,1415.51
2012.6256830601094,1418.16
2012.6338797814208,1418.13
2012.636612021858,1413.17
2012.639344262295,1413.49
2012.6420765027322,1402.08
2012.6448087431695,1411.13
2012.6530054644809,1410.44
2012.655737704918,1409.3
2012.6584699453551,1410.49
2012.6612021857923,1399.48
2012.6639344262296,1406.58
2012.6748633879781,1404.94
2012.6775956284152,1403.44
2012.6803278688524,1432.12
2012.6830601092897,1437.92
2012.691256830601,1429.08
2012.6939890710382,1433.56
2012.6967213114754,1436.56
2012.6994535519125,1459.99
2012.7021857923498,1465.77
2012.7103825136612,1461.19
2012.7131147540983,1459.32
2012.7158469945355,1461.05
2012.7185792349726,1460.26
2012.72131147541,1460.15
2012.7295081967213,1456.89
2012.7322404371585,1441.59
2012.7349726775956,1433.32
2012.7377049180327,1447.15
2012.74043715847,1440.67
2012.7486338797814,1444.49
2012.7513661202186,1445.75
2012.7540983606557,1450.99
2012.7568306010928,1461.4
2012.75956284153,1460.93
2012.7677595628415,1455.88
2012.7704918032787,1441.48
2012.7732240437158,1432.56
2012.775956284153,1432.84
2012.77868852459,1428.59
2012.7868852459017,1440.13
2012.7896174863388,1454.92
2012.792349726776,1460.91
2012.795081967213,1457.34
2012.7978142076502,1433.19
2012.8060109289618,1433.82
2012.808743169399,1413.11
2012.811475409836,1408.75
2012.8142076502731,1412.97
2012.8169398907103,1411.94
2012.8251366120219,1411.94
2012.827868852459,1411.94
2012.8306010928961,1412.16
2012.8333333333333,1427.59
2012.8360655737704,1414.2
2012.844262295082,1417.26
2012.8469945355191,1428.39
2012.8497267759562,1394.53
2012.8524590163934,1377.51
2012.8551912568305,1379.85
2012.863387978142,1380.03
2012.8661202185792,1374.53
2012.8688524590164,1355.49
2012.8715846994535,1353.33
2012.8743169398906,1359.88
2012.8825136612022,1386.89
2012.8852459016393,1387.81
2012.8879781420765,1391.03
2012.8934426229507,1409.15
2012.9016393442623,1406.29
2012.9043715846994,1398.94
2012.9071038251366,1409.93
2012.9098360655737,1415.95
2012.9125683060108,1416.18
2012.9207650273224,1409.46
2012.9234972677596,1407.05
2012.9262295081967,1409.28
2012.9289617486338,1413.94
2012.931693989071,1418.07
2012.9398907103825,1418.55
2012.9426229508197,1427.84
2012.9453551912568,1428.48
2012.948087431694,1419.45
2012.950819672131,1413.58
2012.9590163934427,1430.36
2012.9617486338798,1446.79
2012.964480874317,1435.81
2012.967213114754,1443.69
2012.9699453551912,1430.15
2012.9781420765028,1426.66
2012.983606557377,1419.83
2012.9863387978141,1418.1
2012.9890710382513,1402.43
2012.9972677595629,1426.19
2013.0027397260274,1462.42
2013.0054794520547,1459.37
2013.0082191780823,1466.47
2013.0164383561644,1461.89
2013.0191780821917,1457.15
2013.021917808219,1461.02
2013.0246575342467,1472.12
2013.027397260274,1472.05
2013.035616438356,1470.68
2013.0383561643835,1472.34
2013.041095890411,1472.63
2013.0438356164384,1480.94
2013.0465753424658,1485.98
2013.0575342465754,1492.56
2013.0602739726028,1494.81
2013.0630136986301,1494.82
2013.0657534246575,1502.96
2013.0739726027398,1500.18
2013.0767123287671,1507.84
2013.0794520547945,1501.96
2013.0821917808219,1498.11
2013.0849315068492,1513.17
2013.0931506849315,1495.71
2013.0958904109589,1511.29
2013.0986301369862,1512.12
2013.1013698630136,1509.39
2013.1041095890412,1517.93
2013.1123287671232,1517.01
2013.1150684931506,1519.43
2013.1178082191782,1520.33
2013.1205479452055,1521.38
2013.123287671233,1519.79
2013.1342465753426,1530.94
2013.13698630137,1511.95
2013.1397260273973,1502.42
2013.1424657534246,1515.6
2013.150684931507,1487.85
2013.1534246575343,1496.94
2013.1561643835616,1515.99
2013.158904109589,1514.68
2013.1616438356164,1518.2
2013.1698630136987,1525.2
2013.172602739726,1539.79
2013.1753424657534,1541.46
2013.1780821917807,1544.26
2013.1808219178083,1551.18
2013.1890410958904,1556.22
2013.1917808219177,1552.48
2013.194520547945,1554.52
2013.1972602739727,1563.23
2013.2,1560.7
2013.2082191780821,1552.1
2013.2109589041097,1548.34
2013.213698630137,1558.71
2013.2164383561644,1545.8
2013.2191780821918,1556.89
2013.227397260274,1551.69
2013.2301369863014,1563.77
2013.2328767123288,1562.85
2013.2356164383561,1569.19
2013.2465753424658,1562.17
2013.2493150684932,1570.25
2013.2520547945205,1553.69
2013.2547945205479,1559.98
2013.2575342465752,1553.28
2013.2657534246575,1563.07
2013.268493150685,1568.61
2013.2712328767122,1587.73
2013.2739726027398,1593.37
2013.2767123287672,1588.85
2013.2849315068493,1552.36
2013.2876712328766,1574.57
2013.2904109589042,1552.01
2013.2931506849316,1541.61
2013.295890410959,1555.25
2013.304109589041,1562.5
2013.3068493150686,1578.78
2013.309589041096,1578.79
2013.3123287671233,1585.16
2013.3150684931506,1582.24
2013.323287671233,1593.61
2013.3260273972603,1597.57
2013.3287671232877,1582.7
2013.331506849315,1597.59
2013.3342465753424,1614.42
2013.3424657534247,1617.5
2013.345205479452,1625.96
2013.3479452054794,1632.69
2013.3506849315067,1626.67
2013.3534246575343,1633.7
2013.3616438356164,1633.77
2013.3643835616438,1650.34
2013.3671232876711,1658.78
2013.3698630136987,1650.47
2013.372602739726,1667.47
2013.3808219178081,1666.29
2013.3835616438357,1669.16
2013.386301369863,1655.35
2013.3890410958904,1650.51
2013.3917808219178,1649.6
2013.4027397260274,1660.06
2013.4054794520548,1648.36
2013.4082191780822,1654.41
2013.4109589041095,1630.74
2013.4191780821918,1640.42
2013.4219178082192,1631.38
2013.4246575342465,1608.9
2013.427397260274,1622.56
2013.4301369863015,1643.38
2013.4383561643835,1642.81
2013.441095890411,1626.13
2013.4438356164383,1612.52
2013.4465753424658,1636.36
2013.4493150684932,1626.73
2013.4575342465753,1639.04
2013.4602739726026,1651.81
2013.4630136986302,1628.93
2013.4657534246576,1588.19
2013.468493150685,1592.43
2013.4767123287672,1573.09
2013.4794520547946,1588.03
2013.482191780822,1603.26
2013.4849315068493,1613.2
2013.4876712328767,1606.28
2013.495890410959,1614.96
2013.4986301369863,1614.08
2013.5013698630137,1615.41
2013.5068493150684,1631.89
2013.5150684931507,1640.46
2013.517808219178,1652.32
2013.5205479452054,1652.62
2013.5232876712328,1675.02
2013.5260273972603,1680.19
2013.5342465753424,1682.5
2013.5369863013698,1676.26
2013.5397260273974,1680.91
2013.5424657534247,1689.37
2013.545205479452,1692.09
2013.5534246575342,1695.53
2013.5561643835617,1692.39
2013.558904109589,1685.94
2013.5616438356165,1690.25
2013.5643835616438,1691.65
2013.572602739726,1685.33
2013.5753424657535,1685.96
2013.5780821917808,1685.73
2013.5808219178082,1706.87
2013.5835616438355,1709.67
2013.5917808219178,1707.14
2013.5945205479452,1697.37
2013.5972602739726,1690.91
2013.6,1697.48
2013.6027397260275,1691.42
2013.6109589041096,1689.47
2013.613698630137,1694.16
2013.6164383561643,1685.39
2013.6191780821919,1661.32
2013.6219178082192,1655.83
2013.6301369863013,1646.06
2013.6328767123289,1652.35
2013.6356164383562,1642.8
2013.6383561643836,1656.96
2013.641095890411,1663.5
2013.6493150684933,1656.78
2013.6520547945206,1630.48
2013.654794520548,1634.96
2013.6575342465753,1638.17
2013.6602739726027,1632.97
2013.6712328767123,1639.77
2013.6739726027397,1653.08
2013.676712328767,1655.08
2013.6794520547944,1655.17
2013.6876712328767,1671.71
2013.690410958904,1683.99
2013.6931506849314,1689.13
2013.695890410959,1683.42
2013.6986301369864,1687.99
2013.7068493150684,1697.6
2013.7095890410958,1704.76
2013.7123287671234,1725.52
2013.7150684931507,1722.34
2013.717808219178,1709.91
2013.7260273972602,1701.84
2013.7287671232878,1697.42
2013.731506849315,1692.77
2013.7342465753425,1698.67
2013.7369863013698,1691.75
2013.7452054794521,1681.55
2013.7479452054795,1695.0
2013.7506849315068,1693.87
2013.7534246575342,1678.66
2013.7561643835616,1690.5
2013.7643835616439,1676.12
2013.7671232876712,1655.45
2013.7698630136986,1656.4
2013.772602739726,1692.56
2013.7753424657535,1703.2
2013.7835616438356,1710.14
2013.786301369863,1698.06
2013.7890410958903,1721.54
2013.7917808219179,1733.15
2013.7945205479452,1744.5
2013.8027397260273,1744.66
2013.805479452055,1754.67
2013.8082191780823,1746.38
2013.8109589041096,1752.07
2013.813698630137,1759.77
2013.8219178082193,1762.11
2013.8246575342466,1771.95
2013.827397260274,1763.31
2013.8301369863013,1756.54
2013.8328767123287,1761.64
2013.841095890411,1767.93
2013.8438356164384,1762.97
2013.8465753424657,1770.49
2013.849315068493,1747.15
2013.8520547945207,1770.61
2013.8602739726027,1771.89
2013.86301369863,1767.69
2013.8657534246574,1782.0
2013.868493150685,1790.62
2013.8712328767124,1798.18
2013.8794520547945,1791.53
2013.8821917808218,1787.87
2013.8849315068494,1781.37
2013.8876712328768,1795.85
2013.890410958904,1804.76
2013.8986301369864,1802.48
2013.9013698630138,1802.75
2013.9041095890411,1807.23
2013.9095890410958,1805.81
2013.9178082191781,1800.9
2013.9205479452055,1795.15
2013.9232876712329,1792.81
2013.9260273972602,1785.03
2013.9287671232876,1805.09
2013.9369863013699,1808.37
2013.9397260273972,1802.62
2013.9424657534246,1782.22
2013.945205479452,1775.5
2013.9479452054795,1775.32
2013.9561643835616,1786.54
2013.958904109589,1781.0
2013.9616438356165,1810.65
2013.964383561644,1809.6
2013.9671232876713,1818.32
2013.9753424657533,1827.99
2013.978082191781,1833.32
2013.9835616438356,1842.02
2013.986301369863,1841.4
2013.9945205479453,1841.07
2013.9972602739726,1848.36
2014.0027397260274,1831.98
2014.0054794520547,1831.37
2014.013698630137,1826.77
2014.0164383561644,1837.88
2014.0191780821917,1837.49
2014.021917808219,1838.13
2014.0246575342467,1842.37
2014.0328767123287,1819.2
2014.035616438356,1838.88
2014.0383561643835,1848.38
2014.041095890411,1845.89
2014.0438356164384,1838.7
2014.054794520548,1843.8
2014.0575342465754,1844.86
2014.0602739726028,1828.46
2014.0630136986301,1790.29
2014.0712328767124,1781.56
2014.0739726027398,1792.5
2014.0767123287671,1774.2
2014.0794520547945,1794.19
2014.0821917808219,1782.59
2014.0904109589042,1741.89
2014.0931506849315,1755.2
2014.0958904109589,1751.64
2014.0986301369862,1773.43
2014.1013698630136,1797.02
2014.109589041096,1799.84
2014.1123287671232,1819.75
2014.1150684931506,1819.26
2014.1178082191782,1829.83
2014.1205479452055,1838.63
2014.131506849315,1840.76
2014.1342465753426,1828.75
2014.13698630137,1839.78
2014.1397260273973,1836.25
2014.1479452054793,1847.61
2014.150684931507,1845.12
2014.1534246575343,1845.16
2014.1561643835616,1854.29
2014.158904109589,1859.45
2014.1671232876713,1845.73
2014.1698630136987,1873.91
2014.172602739726,1873.81
2014.1753424657534,1877.03
2014.1780821917807,1878.04
2014.186301369863,1877.17
2014.1890410958904,1867.63
2014.1917808219177,1868.2
2014.194520547945,1846.34
2014.1972602739727,1841.13
2014.2054794520548,1858.83
2014.2082191780821,1872.25
2014.2109589041097,1860.77
2014.213698630137,1872.01
2014.2164383561644,1866.52
2014.2246575342465,1857.44
2014.227397260274,1865.62
2014.2301369863014,1852.56
2014.2328767123288,1849.04
2014.2356164383561,1857.62
2014.2438356164384,1872.34
2014.2465753424658,1885.52
2014.2493150684932,1890.9
2014.2520547945205,1888.77
2014.2547945205479,1865.09
2014.2630136986302,1845.04
2014.2657534246575,1851.96
2014.268493150685,1872.18
2014.2712328767122,1833.08
2014.2739726027398,1815.69
2014.282191780822,1830.61
2014.2849315068493,1842.98
2014.2876712328766,1862.31
2014.2904109589042,1864.85
2014.3013698630136,1871.89
2014.304109589041,1879.55
2014.3068493150686,1875.39
2014.309589041096,1878.61
2014.3123287671233,1863.4
2014.3205479452056,1869.43
2014.323287671233,1878.33
2014.3260273972603,1883.95
2014.3287671232877,1883.68
2014.331506849315,1881.14
2014.3397260273973,1884.66
2014.3424657534247,1867.72
2014.345205479452,1878.21
2014.3479452054794,1875.63
2014.3506849315067,1878.48
2014.358904109589,1896.65
2014.3616438356164,1897.45
2014.3643835616438,1888.53
2014.3671232876711,1870.85
2014.3698630136987,1877.86
2014.3780821917808,1885.08
2014.3808219178081,1872.83
2014.3835616438357,1888.03
2014.386301369863,1892.49
2014.3890410958904,1900.53
2014.4,1911.91
2014.4027397260274,1909.78
2014.4054794520548,1920.03
2014.4082191780822,1923.57
2014.4164383561645,1924.97
2014.4191780821918,1924.24
2014.4219178082192,1927.88
2014.4246575342465,1940.46
2014.427397260274,1949.44
2014.4356164383562,1951.27
2014.4383561643835,1950.79
2014.441095890411,1943.89
2014.4438356164383,1930.11
2014.4465753424658,1936.16
2014.454794520548,1937.78
2014.4575342465753,1941.99
2014.4602739726026,1956.98
2014.4630136986302,1959.48
2014.4657534246576,1962.87
2014.4739726027397,1962.61
2014.4767123287672,1949.98
2014.4794520547946,1959.53
2014.482191780822,1957.22
2014.4849315068493,1960.96
2014.4931506849316,1960.23
2014.495890410959,1973.32
2014.4986301369863,1974.62
2014.5013698630137,1985.44
2014.5123287671233,1977.65
2014.5150684931507,1963.71
2014.517808219178,1972.83
2014.5205479452054,1964.68
2014.5232876712328,1967.57
2014.531506849315,1977.1
2014.5342465753424,1973.28
2014.5369863013698,1981.57
2014.5397260273974,1958.12
2014.5424657534247,1978.22
2014.5506849315068,1973.63
2014.5534246575342,1983.53
2014.5561643835617,1987.01
2014.558904109589,1987.98
2014.5616438356165,1978.34
2014.5698630136985,1978.91
2014.572602739726,1969.95
2014.5753424657535,1970.07
2014.5780821917808,1930.67
2014.5808219178082,1925.15
2014.5890410958905,1938.99
2014.5917808219178,1920.21
2014.5945205479452,1920.24
2014.5972602739726,1909.57
2014.6,1931.59
2014.6082191780822,1936.92
2014.6109589041096,1933.75
2014.613698630137,1946.72
2014.6164383561643,1955.18
2014.6191780821919,1955.06
2014.627397260274,1971.74
2014.6301369863013,1981.6
2014.6328767123289,1986.51
2014.6356164383562,1992.37
2014.6383561643836,1988.4
2014.6465753424657,1997.92
2014.6493150684933,2000.02
2014.6520547945206,2000.12
2014.654794520548,1996.74
2014.6575342465753,2003.37
2014.668493150685,2002.28
2014.6712328767123,2000.72
2014.6739726027397,1997.65
2014.676712328767,2007.71
2014.6849315068494,2001.54
2014.6876712328767,1988.44
2014.690410958904,1995.69
2014.6931506849314,1997.45
2014.695890410959,1985.54
2014.704109589041,1984.13
2014.7068493150684,1998.98
2014.7095890410958,2001.57
2014.7123287671234,2011.36
2014.7150684931507,2010.4
2014.7232876712328,1994.29
2014.7260273972602,1982.77
2014.7287671232878,1998.3
2014.731506849315,1965.99
2014.7342465753425,1982.85
2014.7424657534248,1977.8
2014.7452054794521,1972.29
2014.7479452054795,1946.16
2014.7506849315068,1946.17
2014.7534246575342,1967.9
2014.7616438356165,1964.82
2014.7643835616439,1935.1
2014.7671232876712,1968.89
2014.7698630136986,1928.21
2014.772602739726,1906.13
2014.7808219178082,1874.74
2014.7835616438356,1877.7
2014.786301369863,1862.49
2014.7890410958903,1862.76
2014.7917808219179,1886.76
2014.8,1904.01
2014.8027397260273,1941.28
2014.805479452055,1927.11
2014.8082191780823,1950.82
2014.8109589041096,1964.58
2014.8191780821917,1961.63
2014.8219178082193,1985.05
2014.8246575342466,1982.3
2014.827397260274,1994.65
2014.8301369863013,2018.05
2014.8383561643836,2017.81
2014.841095890411,2012.1
2014.8438356164384,2023.57
2014.8465753424657,2031.21
2014.849315068493,2031.92
2014.8575342465754,2038.26
2014.8602739726027,2039.68
2014.86301369863,2038.25
2014.8657534246574,2039.33
2014.868493150685,2039.82
2014.876712328767,2041.32
2014.8794520547945,2051.8
2014.8821917808218,2048.72
2014.8849315068494,2052.75
2014.8876712328768,2063.5
2014.8958904109588,2069.41
2014.8986301369864,2067.03
2014.9013698630138,2072.83
2014.9068493150685,2067.56
2014.9150684931508,2053.44
2014.9178082191781,2066.55
2014.9205479452055,2074.33
2014.9232876712329,2071.92
2014.9260273972602,2075.37
2014.9342465753425,2060.31
2014.9369863013699,2059.82
2014.9397260273972,2026.14
2014.9424657534246,2035.33
2014.945205479452,2002.33
2014.9534246575342,1989.63
2014.9561643835616,1972.74
2014.958904109589,2012.89
2014.9616438356165,2061.23
2014.964383561644,2070.65
2014.972602739726,2078.54
2014.9753424657533,2082.17
2014.978082191781,2081.88
2014.9835616438356,2088.77
2014.9917808219177,2090.57
2014.9945205479453,2080.35
2014.9972602739726,2058.9
2015.0027397260274,2058.2
2015.0109589041097,2020.58
2015.013698630137,2002.61
2015.0164383561644,2025.9
2015.0191780821917,2062.14
2015.021917808219,2044.81
2015.0301369863014,2028.26
2015.0328767123287,2023.03
2015.035616438356,2011.27
2015.0383561643835,1992.67
2015.041095890411,2019.42
2015.0520547945205,2022.55
2015.054794520548,2032.12
2015.0575342465754,2063.15
2015.0602739726028,2051.82
2015.0684931506848,2057.09
2015.0712328767124,2029.55
2015.0739726027398,2002.16
2015.0767123287671,2021.25
2015.0794520547945,1994.99
2015.0876712328768,2020.85
2015.0904109589042,2050.03
2015.0931506849315,2041.51
2015.0958904109589,2062.52
2015.0986301369862,2055.47
2015.1068493150685,2046.74
2015.109589041096,2068.59
2015.1123287671232,2068.53
2015.1150684931506,2088.48
2015.1178082191782,2096.99
2015.1287671232876,2100.34
2015.131506849315,2099.68
2015.1342465753426,2097.45
2015.13698630137,2110.3
2015.145205479452,2109.66
2015.1479452054793,2115.48
2015.150684931507,2113.86
2015.1534246575343,2110.74
2015.1561643835616,2104.5
2015.164383561644,2117.39
2015.1671232876713,2107.78
2015.1698630136987,2098.53
2015.172602739726,2101.04
2015.1753424657534,2071.26
2015.1835616438357,2079.43
2015.186301369863,2044.16
2015.1890410958904,2040.24
2015.1917808219177,2065.95
2015.194520547945,2053.4
2015.2027397260274,2081.19
2015.2054794520548,2074.28
2015.2082191780821,2099.5
2015.2109589041097,2089.27
2015.213698630137,2108.1
2015.2219178082191,2104.42
2015.2246575342465,2091.5
2015.227397260274,2061.05
2015.2301369863014,2056.15
2015.2328767123288,2061.02
2015.2410958904109,2086.24
2015.2438356164384,2067.89
2015.2465753424658,2059.69
2015.2493150684932,2066.96
2015.2602739726028,2080.62
2015.2630136986302,2076.33
2015.2657534246575,2081.9
2015.268493150685,2091.18
2015.2712328767122,2102.06
2015.2794520547945,2092.43
2015.282191780822,2095.84
2015.2849315068493,2106.63
2015.2876712328766,2104.99
2015.2904109589042,2081.18
2015.2986301369863,2100.4
2015.3013698630136,2097.29
2015.304109589041,2107.96
2015.3068493150686,2112.93
2015.309589041096,2117.69
2015.317808219178,2108.92
2015.3205479452056,2114.76
2015.323287671233,2106.85
2015.3260273972603,2085.51
2015.3287671232877,2108.29
2015.33698630137,2114.49
2015.3397260273973,2089.46
2015.3424657534247,2080.15
2015.345205479452,2088.0
2015.3479452054794,2116.1
2015.3561643835617,2105.33
2015.358904109589,2099.12
2015.3616438356164,2098.48
2015.3643835616438,2121.1
2015.3671232876711,2122.73
2015.3753424657534,2129.2
2015.3780821917808,2127.83
2015.3808219178081,2125.85
2015.3835616438357,2130.82
2015.386301369863,2126.06
2015.3972602739725,2104.2
2015.4,2123.48
2015.4027397260274,2120.79
2015.4054794520548,2107.39
2015.4136986301369,2111.73
2015.4164383561645,2109.6
2015.4191780821918,2114.07
2015.4219178082192,2095.84
2015.4246575342465,2092.83
2015.4328767123288,2079.28
2015.4356164383562,2080.15
2015.4383561643835,2105.2
2015.441095890411,2108.86
2015.4438356164383,2094.11
2015.4520547945206,2084.43
2015.454794520548,2096.29
2015.4575342465753,2100.44
2015.4602739726026,2121.24
2015.4630136986302,2109.99
2015.4712328767123,2122.85
2015.4739726027397,2124.2
2015.4767123287672,2108.58
2015.4794520547946,2102.31
2015.482191780822,2101.49
2015.490410958904,2057.64
2015.4931506849316,2063.11
2015.495890410959,2077.42
2015.4986301369863,2076.78
2015.509589041096,2068.76
2015.5123287671233,2081.34
2015.5150684931507,2046.68
2015.517808219178,2051.31
2015.5205479452054,2076.62
2015.5287671232877,2099.6
2015.531506849315,2108.95
2015.5342465753424,2107.4
2015.5369863013698,2124.29
2015.5397260273974,2126.64
2015.5479452054794,2128.28
2015.5506849315068,2119.21
2015.5534246575342,2114.15
2015.5561643835617,2102.15
2015.558904109589,2079.65
2015.5671232876712,2067.64
2015.5698630136985,2093.25
2015.572602739726,2108.57
2015.5753424657535,2108.63
2015.5780821917808,2103.84
2015.5863013698631,2098.04
2015.5890410958905,2093.32
2015.5917808219178,2099.84
2015.5945205479452,2083.56
2015.5972602739726,2077.57
2015.6054794520549,2104.18
2015.6082191780822,2084.07
2015.6109589041096,2086.05
2015.613698630137,2083.39
2015.6164383561643,2091.54
2015.6246575342466,2102.44
2015.627397260274,2096.92
2015.6301369863013,2079.61
2015.6328767123289,2035.73
2015.6356164383562,1970.89
2015.6438356164383,1893.21
2015.6465753424657,1867.61
2015.6493150684933,1940.51
2015.6520547945206,1987.66
2015.654794520548,1988.87
2015.66301369863,1972.18
2015.6657534246576,1913.85
2015.668493150685,1948.86
2015.6712328767123,1951.13
2015.6739726027397,1921.22
2015.6849315068494,1969.41
2015.6876712328767,1942.04
2015.690410958904,1952.29
2015.6931506849314,1961.05
2015.7013698630137,1953.03
2015.704109589041,1978.09
2015.7068493150684,1995.31
2015.7095890410958,1990.2
2015.7123287671234,1958.03
2015.7205479452055,1966.97
2015.7232876712328,1942.74
2015.7260273972602,1938.76
2015.7287671232878,1932.24
2015.731506849315,1931.34
2015.7397260273972,1881.77
2015.7424657534248,1884.09
2015.7452054794521,1920.03
2015.7479452054795,1923.82
2015.7506849315068,1951.36
2015.7589041095891,1987.05
2015.7616438356165,1979.92
2015.7643835616439,1995.83
2015.7671232876712,2013.43
2015.7698630136986,2014.89
2015.7780821917809,2017.46
2015.7808219178082,2003.69
2015.7835616438356,1994.24
2015.786301369863,2023.86
2015.7890410958903,2033.11
2015.7972602739726,2033.66
2015.8,2030.77
2015.8027397260273,2018.94
2015.805479452055,2052.51
2015.8082191780823,2075.15
2015.8164383561643,2071.18
2015.8191780821917,2065.89
2015.8219178082193,2090.35
2015.8246575342466,2089.41
2015.827397260274,2079.36
2015.835616438356,2104.05
2015.8383561643836,2109.79
2015.841095890411,2102.31
2015.8438356164384,2099.93
2015.8465753424657,2099.2
2015.854794520548,2078.58
2015.8575342465754,2081.72
2015.8602739726027,2075.0
2015.86301369863,2045.97
2015.8657534246574,2023.04
2015.8739726027397,2053.19
2015.876712328767,2050.44
2015.8794520547945,2083.58
2015.8821917808218,2081.24
2015.8849315068494,2089.17
2015.8931506849315,2086.59
2015.8958904109588,2089.14
2015.8986301369864,2088.87
2015.9041095890411,2090.11
2015.9123287671232,2080.41
2015.9150684931508,2102.63
2015.9178082191781,2079.51
2015.9205479452055,2049.62
2015.9232876712329,2091.69
2015.9315068493152,2077.07
2015.9342465753425,2063.59
2015.9369863013699,2047.62
2015.9397260273972,2052.23
2015.9424657534246,2012.37
2015.9506849315069,2021.94
2015.9534246575342,2043.41
2015.9561643835616,2073.07
2015.958904109589,2041.89
2015.9616438356165,2005.55
2015.9698630136986,2021.15
2015.972602739726,2038.97
2015.9753424657533,2064.29
2015.978082191781,2060.99
2015.9890410958903,2056.5
2015.9917808219177,2078.36
2015.9945205479453,2063.36
2015.9972602739726,2043.94
2016.0081967213114,2012.66
2016.0109289617487,2016.71
2016.0136612021859,1990.26
2016.016393442623,1943.09
2016.01912568306,1922.03
2016.0273224043715,1923.67
2016.0300546448088,1938.68
2016.032786885246,1890.28
2016.035519125683,1921.84
2016.0382513661202,1880.33
2016.049180327869,1881.33
2016.051912568306,1859.33
2016.0546448087432,1868.99
2016.0573770491803,1906.9
2016.0655737704917,1877.08
2016.068306010929,1903.63
2016.0710382513662,1882.95
2016.0737704918033,1893.36
2016.0765027322404,1940.24
2016.0846994535518,1939.38
2016.0874316939892,1903.03
2016.0901639344263,1912.53
2016.0928961748634,1915.45
2016.0956284153006,1880.05
2016.103825136612,1853.44
2016.1065573770493,1852.21
2016.1092896174864,1851.86
2016.1120218579235,1829.08
2016.1147540983607,1864.78
2016.1256830601094,1895.58
2016.1284153005465,1926.82
2016.1311475409836,1917.83
2016.1338797814208,1917.78
2016.1420765027322,1945.5
2016.1448087431695,1921.27
2016.1475409836066,1929.8
2016.1502732240438,1951.7
2016.1530054644809,1948.05
2016.1612021857923,1932.23
2016.1639344262296,1978.35
2016.1666666666667,1986.45
2016.1693989071039,1993.4
2016.172131147541,1999.99
2016.1803278688524,2001.76
2016.1830601092897,1979.26
2016.1857923497269,1989.26
2016.188524590164,1989.57
2016.191256830601,2022.19
2016.1994535519125,2019.64
2016.2021857923498,2015.93
2016.204918032787,2027.22
2016.207650273224,2040.59
2016.2103825136612,2049.58
2016.2185792349726,2051.6
2016.22131147541,2049.8
2016.224043715847,2036.71
2016.2267759562842,2035.94
2016.2377049180327,2037.05
2016.24043715847,2055.01
2016.2431693989072,2063.95
2016.2459016393443,2059.74
2016.2486338797814,2072.78
2016.2568306010928,2066.13
2016.25956284153,2045.17
2016.2622950819673,2066.66
2016.2650273224044,2041.91
2016.2677595628415,2047.6
2016.275956284153,2041.99
2016.27868852459,2061.72
2016.2814207650274,2082.42
2016.2841530054645,2082.78
2016.2868852459017,2080.73
2016.295081967213,2094.34
2016.2978142076502,2100.8
2016.3005464480875,2102.4
2016.3032786885246,2091.48
2016.3060109289618,2091.58
2016.3142076502731,2087.79
2016.3169398907103,2091.7
2016.3196721311476,2095.15
2016.3224043715848,2075.81
2016.3251366120219,2065.3
2016.3333333333333,2081.43
2016.3360655737704,2063.37
2016.3387978142077,2051.12
2016.3415300546449,2050.63
2016.344262295082,2057.14
2016.3524590163934,2058.69
2016.3551912568305,2084.39
2016.3579234972678,2064.46
2016.360655737705,2064.11
2016.363387978142,2046.61
2016.3715846994535,2066.66
2016.3743169398906,2047.21
2016.377049180328,2047.63
2016.379781420765,2040.04
2016.3825136612022,2052.32
2016.3907103825136,2048.04
2016.3934426229507,2076.06
2016.396174863388,2090.54
2016.3989071038252,2090.1
2016.4016393442623,2099.06
2016.4125683060108,2096.96
2016.4153005464482,2099.33
2016.4180327868853,2105.26
2016.4207650273224,2099.13
2016.4289617486338,2109.41
2016.431693989071,2112.13
2016.4344262295083,2119.12
2016.4371584699454,2115.48
2016.4398907103825,2096.07
2016.448087431694,2079.06
2016.450819672131,2075.32
2016.4535519125684,2071.5
2016.4562841530055,2077.99
2016.4590163934427,2071.22
2016.467213114754,2083.25
2016.4699453551912,2088.9
2016.4726775956285,2085.45
2016.4754098360656,2113.32
2016.4781420765028,2037.41
2016.4863387978141,2000.54
2016.4890710382513,2036.09
2016.4918032786886,2070.77
2016.4945355191257,2098.86
2016.4972677595629,2102.95
2016.5081967213114,2088.55
2016.5109289617487,2099.73
2016.5136612021859,2097.9
2016.516393442623,2129.9
2016.5245901639344,2137.16
2016.5273224043715,2152.14
2016.5300546448088,2152.43
2016.532786885246,2163.75
2016.535519125683,2161.74
2016.5437158469945,2166.89
2016.5464480874316,2163.78
2016.549180327869,2173.02
2016.551912568306,2165.17
2016.5546448087432,2175.03
2016.5628415300546,2168.48
2016.5655737704917,2169.18
2016.568306010929,2166.58
2016.5710382513662,2170.06
2016.5737704918033,2173.6
2016.5819672131147,2170.84
2016.5846994535518,2157.03
2016.5874316939892,2163.79
2016.5901639344263,2164.25
2016.5928961748634,2182.87
2016.6010928961748,2180.89
2016.603825136612,2181.74
2016.6065573770493,2175.49
2016.6092896174864,2185.79
2016.6120218579235,2184.05
2016.620218579235,2190.15
2016.622950819672,2178.15
2016.6256830601094,2182.22
2016.6284153005465,2187.02
2016.6311475409836,2183.87
2016.639344262295,2182.64
2016.6420765027322,2186.9
2016.6448087431695,2175.44
2016.6475409836066,2172.47
2016.6502732240438,2169.04
2016.6584699453551,2180.38
2016.6612021857923,2176.12
2016.6639344262296,2170.95
2016.6666666666667,2170.86
2016.6693989071039,2179.98
2016.6803278688524,2186.48
2016.6830601092897,2186.16
2016.6857923497269,2181.3
2016.688524590164,2127.81
2016.6967213114754,2159.04
2016.6994535519125,2127.02
2016.7021857923498,2125.77
2016.704918032787,2147.26
2016.707650273224,2139.16
2016.7158469945355,2139.12
2016.7185792349726,2139.76
2016.72131147541,2163.12
2016.724043715847,2177.18
2016.7267759562842,2164.69
2016.7349726775956,2146.1
2016.7377049180327,2159.93
2016.74043715847,2171.37
2016.7431693989072,2151.13
2016.7459016393443,2168.27
2016.7540983606557,2161.2
2016.7568306010928,2150.49
2016.75956284153,2159.73
2016.7622950819673,2160.77
2016.7650273224044,2153.74
2016.7732240437158,2163.66
2016.775956284153,2136.73
2016.77868852459,2139.18
2016.7814207650274,2132.55
2016.7841530054645,2132.98
2016.792349726776,2126.5
2016.795081967213,2139.6
2016.7978142076502,2144.29
2016.8005464480875,2141.34
2016.8032786885246,2141.16
2016.811475409836,2151.33
2016.8142076502731,2143.16
2016.8169398907103,2139.43
2016.8196721311476,2133.04
2016.8224043715848,2126.41
2016.8306010928961,2126.15
2016.8333333333333,2111.72
2016.8360655737704,2097.94
2016.8387978142077,2088.66
2016.8415300546449,2085.18
2016.8497267759562,2131.52
2016.8524590163934,2139.56
2016.8551912568305,2163.26
2016.8579234972678,2167.48
2016.860655737705,2164.45
2016.8688524590164,2164.2
2016.8715846994535,2180.39
2016.8743169398906,2176.94
2016.877049180328,2187.12
2016.879781420765,2181.9
2016.8879781420765,2198.18
2016.8907103825136,2202.94
2016.8934426229507,2204.72
2016.8989071038252,2213.35
2016.9071038251366,2201.72
2016.9098360655737,2204.66
2016.9125683060108,2198.81
2016.9153005464482,2191.08
2016.9180327868853,2191.95
2016.9262295081967,2204.71
2016.9289617486338,2212.23
2016.931693989071,2241.35
2016.9344262295083,2246.19
2016.9371584699454,2259.53
2016.9453551912568,2256.96
2016.948087431694,2271.72
2016.950819672131,2253.28
2016.9535519125684,2262.03
2016.9562841530055,2258.07
2016.964480874317,2262.53
2016.967213114754,2270.76
2016.9699453551912,2265.18
2016.9726775956285,2260.96
2016.9754098360656,2263.79
2016.9863387978141,2268.88
2016.9890710382513,2249.92
2016.9918032786886,2249.26
2016.9945355191257,2238.83
2017.0054794520547,2257.83
2017.0082191780823,2270.75
2017.0109589041097,2269.0
2017.013698630137,2276.98
2017.021917808219,2268.9
2017.0246575342467,2268.9
2017.027397260274,2275.32
2017.0301369863014,2270.44
2017.0328767123287,2274.64
2017.0438356164384,2267.89
2017.0465753424658,2271.89
2017.0493150684931,2263.69
2017.0520547945205,2271.31
2017.0602739726028,2265.2
2017.0630136986301,2280.07
2017.0657534246575,2298.37
2017.0684931506848,2296.68
2017.0712328767124,2294.69
2017.0794520547945,2280.9
2017.0821917808219,2278.87
2017.0849315068492,2279.55
2017.0876712328768,2280.85
2017.0904109589042,2297.42
2017.0986301369862,2292.56
2017.1013698630136,2293.08
2017.1041095890412,2294.67
2017.1068493150685,2307.87
2017.109589041096,2316.1
2017.1178082191782,2328.25
2017.1205479452055,2337.58
2017.123287671233,2349.25
2017.1260273972603,2347.22
2017.1287671232876,2351.16
2017.1397260273973,2365.38
2017.1424657534246,2362.82
2017.145205479452,2363.81
2017.1479452054793,2367.34
2017.1561643835616,2369.75
2017.158904109589,2363.64
2017.1616438356164,2395.96
2017.164383561644,2381.92
2017.1671232876713,2383.12
2017.1753424657534,2375.31
2017.1780821917807,2368.39
2017.1808219178083,2362.98
2017.1835616438357,2364.87
2017.186301369863,2372.6
2017.194520547945,2373.47
2017.1972602739727,2365.45
2017.2,2385.26
2017.2027397260274,2381.38
2017.2054794520548,2378.25
2017.213698630137,2373.47
2017.2164383561644,2344.02
2017.2191780821918,2348.45
2017.2219178082191,2345.96
2017.2246575342465,2343.98
2017.2328767123288,2341.59
2017.2356164383561,2358.57
2017.2383561643835,2361.13
2017.2410958904109,2368.06
2017.2438356164384,2362.72
2017.2520547945205,2358.84
2017.2547945205479,2360.16
2017.2575342465752,2352.95
2017.2602739726028,2357.49
2017.2630136986302,2355.54
2017.2712328767122,2357.16
2017.2739726027398,2353.78
2017.2767123287672,2344.93
2017.2794520547945,2328.95
2017.2904109589042,2349.01
2017.2931506849316,2342.19
2017.295890410959,2338.17
2017.2986301369863,2355.84
2017.3013698630136,2348.69
2017.309589041096,2374.15
2017.3123287671233,2388.61
2017.3150684931506,2387.45
2017.317808219178,2388.77
2017.3205479452056,2384.2
2017.3287671232877,2388.33
2017.331506849315,2391.17
2017.3342465753424,2388.13
2017.33698630137,2389.52
2017.3397260273973,2399.29
2017.3479452054794,2399.38
2017.3506849315067,2396.92
2017.3534246575343,2399.63
2017.3561643835617,2394.44
2017.358904109589,2390.9
2017.3671232876711,2402.32
2017.3698630136987,2400.67
2017.372602739726,2357.03
2017.3753424657534,2365.72
2017.3780821917808,2381.73
2017.386301369863,2394.02
2017.3890410958904,2398.42
2017.3917808219178,2404.39
2017.3945205479451,2415.07
2017.3972602739725,2415.82
2017.4082191780822,2412.91
2017.4109589041095,2411.8
2017.4136986301369,2430.06
2017.4164383561645,2439.07
2017.4246575342465,2436.1
2017.427397260274,2429.33
2017.4301369863015,2433.14
2017.4328767123288,2433.79
2017.4356164383562,2431.77
2017.4438356164383,2429.39
2017.4465753424658,2440.35
2017.4493150684932,2437.92
2017.4520547945206,2432.46
2017.454794520548,2433.15
2017.4630136986302,2453.46
2017.4657534246576,2437.03
2017.468493150685,2435.61
2017.4712328767123,2434.5
2017.4739726027397,2438.3
2017.482191780822,2439.07
2017.4849315068493,2419.38
2017.4876712328767,2440.69
2017.490410958904,2419.7
2017.4931506849316,2423.41
2017.5013698630137,2429.01
2017.5068493150684,2432.54
2017.509589041096,2409.75
2017.5123287671233,2425.18
2017.5205479452054,2427.43
2017.5232876712328,2425.53
2017.5260273972603,2443.25
2017.5287671232877,2447.83
2017.531506849315,2459.27
2017.5397260273974,2459.14
2017.5424657534247,2460.61
2017.545205479452,2473.83
2017.5479452054794,2473.45
2017.5506849315068,2472.54
2017.558904109589,2469.91
2017.5616438356165,2477.13
2017.5643835616438,2477.83
2017.5671232876712,2475.42
2017.5698630136985,2472.1
2017.5780821917808,2470.3
2017.5808219178082,2476.35
2017.5835616438355,2477.57
2017.5863013698631,2472.16
2017.5890410958905,2476.83
2017.5972602739726,2480.91
2017.6,2474.92
2017.6027397260275,2474.02
2017.6054794520549,2438.21
2017.6082191780822,2441.32
2017.6164383561643,2465.84
2017.6191780821919,2464.61
2017.6219178082192,2468.11
2017.6246575342466,2430.01
2017.627397260274,2425.55
2017.6356164383562,2428.37
2017.6383561643836,2452.51
2017.641095890411,2444.04
2017.6438356164383,2438.97
2017.6465753424657,2443.05
2017.654794520548,2444.24
2017.6575342465753,2446.3
2017.6602739726027,2457.59
2017.66301369863,2471.65
2017.6657534246576,2476.55
2017.676712328767,2457.85
2017.6794520547944,2465.54
2017.682191780822,2465.1
2017.6849315068494,2461.43
2017.6931506849314,2488.11
2017.695890410959,2496.48
2017.6986301369864,2498.37
2017.7013698630137,2495.62
2017.704109589041,2500.23
2017.7123287671234,2503.87
2017.7150684931507,2506.65
2017.717808219178,2508.24
2017.7205479452055,2500.6
2017.7232876712328,2502.22
2017.731506849315,2496.66
2017.7342465753425,2496.84
2017.7369863013698,2507.04
2017.7397260273972,2510.06
2017.7424657534248,2519.36
2017.7506849315068,2529.12
2017.7534246575342,2534.58
2017.7561643835616,2537.74
2017.7589041095891,2552.07
2017.7616438356165,2549.33
2017.7698630136986,2544.73
2017.772602739726,2550.64
2017.7753424657535,2555.24
2017.7780821917809,2550.93
2017.7808219178082,2553.17
2017.7890410958903,2557.64
2017.7917808219179,2559.36
2017.7945205479452,2561.26
2017.7972602739726,2562.1
2017.8,2575.21
2017.8082191780823,2564.98
2017.8109589041096,2569.13
2017.813698630137,2557.15
2017.8164383561643,2560.4
2017.8191780821917,2581.07
2017.827397260274,2572.83
2017.8301369863013,2575.26
2017.8328767123287,2579.36
2017.835616438356,2579.85
2017.8383561643836,2587.84
2017.8465753424657,2591.13
2017.849315068493,2590.64
2017.8520547945207,2594.38
2017.854794520548,2584.62
2017.8575342465754,2582.3
2017.8657534246574,2584.84
2017.868493150685,2578.87
2017.8712328767124,2564.62
2017.8739726027397,2585.64
2017.876712328767,2578.85
2017.8849315068494,2582.14
2017.8876712328768,2599.03
2017.890410958904,2597.08
2017.8958904109588,2602.42
2017.9041095890411,2601.42
2017.9068493150685,2627.04
2017.9095890410958,2626.07
2017.9123287671232,2647.58
2017.9150684931508,2642.22
2017.9232876712329,2639.44
2017.9260273972602,2629.57
2017.9287671232876,2629.27
2017.9315068493152,2636.98
2017.9342465753425,2651.5
2017.9424657534246,2659.99
2017.945205479452,2664.11
2017.9479452054795,2662.85
2017.9506849315069,2652.01
2017.9534246575342,2675.81
2017.9616438356165,2690.16
2017.964383561644,2681.47
2017.9671232876713,2679.25
2017.9698630136986,2684.57
2017.972602739726,2683.34
2017.9835616438356,2680.5
2017.986301369863,2682.62
2017.9890410958903,2687.54
2017.9917808219177,2673.61
2018.0027397260274,2695.81
2018.0054794520547,2713.06
2018.0082191780823,2723.99
2018.0109589041097,2743.15
2018.0191780821917,2747.71
2018.021917808219,2751.29
2018.0246575342467,2748.23
2018.027397260274,2767.56
2018.0301369863014,2786.24
2018.041095890411,2776.42
2018.0438356164384,2802.56
2018.0465753424658,2798.03
2018.0493150684931,2810.3
2018.0575342465754,2832.97
2018.0602739726028,2839.13
2018.0630136986301,2837.54
2018.0657534246575,2839.25
2018.0684931506848,2872.87
2018.0767123287671,2853.53
2018.0794520547945,2822.43
2018.0821917808219,2823.81
2018.0849315068492,2821.98
2018.0876712328768,2762.13
2018.0958904109589,2648.94
2018.0986301369862,2695.14
2018.1013698630136,2681.66
2018.1041095890412,2581.0
2018.1068493150685,2619.55
2018.1150684931506,2656.0
2018.1178082191782,2662.94
2018.1205479452055,2698.63
2018.123287671233,2731.2
2018.1260273972603,2732.22
2018.13698630137,2716.26
2018.1397260273973,2701.33
2018.1424657534246,2703.96
2018.145205479452,2747.3
2018.1534246575343,2779.6
2018.1561643835616,2744.28
2018.158904109589,2713.83
2018.1616438356164,2677.67
2018.164383561644,2691.25
2018.172602739726,2720.94
2018.1753424657534,2728.12
2018.1780821917807,2726.8
2018.1808219178083,2738.97
2018.1835616438357,2786.57
2018.1917808219177,2783.02
2018.194520547945,2765.31
2018.1972602739727,2749.48
2018.2,2747.33
2018.2027397260274,2752.01
2018.2109589041097,2712.92
2018.213698630137,2716.94
2018.2164383561644,2711.93
2018.2191780821918,2643.69
2018.2219178082191,2588.26
2018.2301369863014,2658.55
2018.2328767123288,2612.62
2018.2356164383561,2605.0
2018.2383561643835,2640.87
2018.2493150684932,2581.88
2018.2520547945205,2614.45
2018.2547945205479,2644.69
2018.2575342465752,2662.84
2018.2602739726028,2604.47
2018.268493150685,2613.16
2018.2712328767122,2656.87
2018.2739726027398,2642.19
2018.2767123287672,2663.99
2018.2794520547945,2656.3
2018.2876712328766,2677.84
2018.2904109589042,2706.39
2018.2931506849316,2708.64
2018.295890410959,2693.13
2018.2986301369863,2670.14
2018.3068493150686,2670.29
2018.309589041096,2634.56
2018.3123287671233,2639.4
2018.3150684931506,2666.94
2018.317808219178,2669.91
2018.3260273972603,2648.05
2018.3287671232877,2654.8
2018.331506849315,2635.67
2018.3342465753424,2629.73
2018.33698630137,2663.42
2018.345205479452,2672.63
2018.3479452054794,2671.92
2018.3506849315067,2697.79
2018.3534246575343,2723.07
2018.3561643835617,2727.72
2018.3643835616438,2730.13
2018.3671232876711,2711.45
2018.3698630136987,2722.46
2018.372602739726,2720.13
2018.3753424657534,2712.97
2018.3835616438357,2733.01
2018.386301369863,2724.44
2018.3890410958904,2733.29
2018.3917808219178,2727.76
2018.3945205479451,2721.33
2018.4054794520548,2689.86
2018.4082191780822,2724.01
2018.4109589041095,2705.27
2018.4136986301369,2734.62
2018.4219178082192,2746.87
2018.4246575342465,2748.8
2018.427397260274,2772.35
2018.4301369863015,2770.37
2018.4328767123288,2779.03
2018.441095890411,2782.0
2018.4438356164383,2786.85
2018.4465753424658,2775.63
2018.4493150684932,2782.49
2018.4520547945206,2779.66
2018.4602739726026,2773.75
2018.4630136986302,2762.59
2018.4657534246576,2767.32
2018.468493150685,2749.76
2018.4712328767123,2754.88
2018.4794520547946,2717.07
2018.482191780822,2723.06
2018.4849315068493,2699.63
2018.4876712328767,2716.31
2018.490410958904,2718.37
2018.4986301369863,2726.71
2018.5013698630137,2713.22
2018.5068493150684,2736.61
2018.509589041096,2759.82
2018.517808219178,2784.17
2018.5205479452054,2793.84
2018.5232876712328,2774.02
2018.5260273972603,2798.29
2018.5287671232877,2801.31
2018.5369863013698,2798.43
2018.5397260273974,2809.55
2018.5424657534247,2815.62
2018.545205479452,2804.49
2018.5479452054794,2801.83
2018.5561643835617,2806.98
2018.558904109589,2820.4
2018.5616438356165,2846.07
2018.5643835616438,2837.44
2018.5671232876712,2818.82
2018.5753424657535,2802.6
2018.5780821917808,2816.29
2018.5808219178082,2813.36
2018.5835616438355,2827.22
2018.5863013698631,2840.35
2018.5945205479452,2850.4
2018.5972602739726,2858.45
2018.6,2857.7
2018.6027397260275,2853.58
2018.6054794520549,2833.28
2018.613698630137,2821.93
2018.6164383561643,2839.96
2018.6191780821919,2818.37
2018.6219178082192,2840.69
2018.6246575342466,2850.13
2018.6328767123289,2857.05
2018.6356164383562,2862.96
2018.6383561643836,2861.82
2018.641095890411,2856.98
2018.6438356164383,2874.69
2018.6520547945206,2896.74
2018.654794520548,2897.52
2018.6575342465753,2914.04
2018.6602739726027,2901.13
2018.66301369863,2901.52
2018.6739726027397,2896.72
2018.676712328767,2888.6
2018.6794520547944,2878.05
2018.682191780822,2871.68
2018.690410958904,2877.13
2018.6931506849314,2887.89
2018.695890410959,2888.92
2018.6986301369864,2904.18
2018.7013698630137,2904.98
2018.7095890410958,2888.8
2018.7123287671234,2904.31
2018.7150684931507,2907.95
2018.717808219178,2930.75
2018.7205479452055,2929.67
2018.7287671232878,2919.37
2018.731506849315,2915.56
2018.7342465753425,2905.97
2018.7369863013698,2914.0
2018.7397260273972,2913.98
2018.7479452054795,2924.59
2018.7506849315068,2923.43
2018.7534246575342,2925.51
2018.7561643835616,2901.61
2018.7589041095891,2885.57
2018.7671232876712,2884.43
2018.7698630136986,2880.34
2018.772602739726,2785.68
2018.7753424657535,2728.37
2018.7780821917809,2767.13
2018.786301369863,2750.79
2018.7890410958903,2809.92
2018.7917808219179,2809.21
2018.7945205479452,2768.78
2018.7972602739726,2767.78
2018.805479452055,2755.88
2018.8082191780823,2740.69
2018.8109589041096,2656.1
2018.813698630137,2705.57
2018.8164383561643,2658.69
2018.8246575342466,2641.25
2018.827397260274,2682.63
2018.8301369863013,2711.74
2018.8328767123287,2740.37
2018.835616438356,2723.06
2018.8438356164384,2738.31
2018.8465753424657,2755.45
2018.849315068493,2813.89
2018.8520547945207,2806.83
2018.854794520548,2781.01
2018.86301369863,2726.22
2018.8657534246574,2722.18
2018.868493150685,2701.58
2018.8712328767124,2730.2
2018.8739726027397,2736.27
2018.8821917808218,2690.73
2018.8849315068494,2641.89
2018.8876712328768,2649.93
2018.8931506849315,2632.56
2018.9013698630138,2673.45
2018.9041095890411,2682.17
2018.9068493150685,2743.79
2018.9095890410958,2737.76
2018.9123287671232,2760.17
2018.9205479452055,2790.37
2018.9232876712329,2700.06
2018.9287671232876,2695.95
2018.9315068493152,2633.08
2018.9397260273972,2637.72
2018.9424657534246,2636.78
2018.945205479452,2651.07
2018.9479452054795,2650.54
2018.9506849315069,2599.95
2018.958904109589,2545.94
2018.9616438356165,2546.16
2018.964383561644,2506.96
2018.9671232876713,2467.42
2018.9698630136986,2416.62
2018.978082191781,2351.1
2018.9835616438356,2467.7
2018.986301369863,2488.83
2018.9890410958903,2485.74
2018.9972602739726,2506.85
2019.0027397260274,2510.03
2019.0054794520547,2447.89
2019.0082191780823,2531.94
2019.0164383561644,2549.69
2019.0191780821917,2574.41
2019.021917808219,2584.96
2019.0246575342467,2596.64
2019.027397260274,2596.26
2019.035616438356,2582.61
2019.0383561643835,2610.3
2019.041095890411,2616.1
2019.0438356164384,2635.96
2019.0465753424658,2670.71
2019.0575342465754,2632.9
2019.0602739726028,2638.7
2019.0630136986301,2642.33
2019.0657534246575,2664.76
2019.0739726027398,2643.85
2019.0767123287671,2640.0
2019.0794520547945,2681.05
2019.0821917808219,2704.1
2019.0849315068492,2706.53
2019.0931506849315,2724.87
2019.0958904109589,2737.7
2019.0986301369862,2731.61
2019.1013698630136,2706.05
2019.1041095890412,2707.88
2019.1123287671232,2709.8
2019.1150684931506,2744.73
2019.1178082191782,2753.03
2019.1205479452055,2745.73
2019.123287671233,2775.6
2019.1342465753426,2779.76
2019.13698630137,2784.7
2019.1397260273973,2774.88
2019.1424657534246,2792.67
2019.150684931507,2796.11
2019.1534246575343,2793.9
2019.1561643835616,2792.38
2019.158904109589,2784.49
2019.1616438356164,2803.69
2019.1698630136987,2792.81
2019.172602739726,2789.65
2019.1753424657534,2771.45
2019.1780821917807,2748.93
2019.1808219178083,2743.07
2019.1890410958904,2783.3
2019.1917808219177,2791.52
2019.194520547945,2810.92
2019.1972602739727,2808.48
2019.2,2822.48
2019.2082191780821,2832.94
2019.2109589041097,2832.57
2019.213698630137,2824.23
2019.2164383561644,2854.88
2019.2191780821918,2800.71
2019.227397260274,2798.36
2019.2301369863014,2818.46
2019.2328767123288,2805.37
2019.2356164383561,2815.44
2019.2383561643835,2834.4
2019.2465753424658,2867.19
2019.2493150684932,2867.24
2019.2520547945205,2873.4
2019.2547945205479,2879.39
2019.2575342465752,2892.74
2019.2657534246575,2895.77
2019.268493150685,2878.2
2019.2712328767122,2888.21
2019.2739726027398,2888.32
2019.2767123287672,2907.41
2019.2849315068493,2905.58
2019.2876712328766,2907.06
2019.2904109589042,2900.45
2019.2931506849316,2905.03
2019.304109589041,2907.97
2019.3068493150686,2933.68
2019.309589041096,2927.25
2019.3123287671233,2926.17
2019.3150684931506,2939.88
2019.323287671233,2943.03
2019.3260273972603,2945.83
2019.3287671232877,2923.73
2019.331506849315,2917.52
2019.3342465753424,2945.64
2019.3424657534247,2932.47
2019.345205479452,2884.05
2019.3479452054794,2879.42
2019.3506849315067,2870.72
2019.3534246575343,2881.4
2019.3616438356164,2811.87
2019.3643835616438,2834.41
2019.3671232876711,2850.96
2019.3698630136987,2876.32
2019.372602739726,2859.53
2019.3808219178081,2840.23
2019.3835616438357,2864.36
2019.386301369863,2856.27
2019.3890410958904,2822.24
2019.3917808219178,2826.06
2019.4027397260274,2802.39
2019.4054794520548,2783.02
2019.4082191780822,2788.86
2019.4109589041095,2752.06
2019.4191780821918,2744.45
2019.4219178082192,2803.27
2019.4246575342465,2826.15
2019.427397260274,2843.49
2019.4301369863015,2873.34
2019.4383561643835,2886.73
2019.441095890411,2885.72
2019.4438356164383,2879.84
2019.4465753424658,2891.64
2019.4493150684932,2886.98
2019.4575342465753,2889.67
2019.4602739726026,2917.75
2019.4630136986302,2926.46
2019.4657534246576,2954.18
2019.468493150685,2950.46
2019.4767123287672,2945.35
2019.4794520547946,2917.38
2019.482191780822,2913.78
2019.4849315068493,2924.92
2019.4876712328767,2941.76
2019.495890410959,2964.33
2019.4986301369863,2973.01
2019.5013698630137,2995.82
2019.5068493150684,2990.41
2019.5150684931507,2975.95
2019.517808219178,2979.63
2019.5205479452054,2993.07
2019.5232876712328,2999.91
2019.5260273972603,3013.77
2019.5342465753424,3014.3
2019.5369863013698,3004.04
2019.5397260273974,2984.42
2019.5424657534247,2995.11
2019.545205479452,2976.61
2019.5534246575342,2985.03
2019.5561643835617,3005.47
2019.558904109589,3019.56
2019.5616438356165,3003.67
2019.5643835616438,3025.86
2019.572602739726,3020.97
2019.5753424657535,3013.18
2019.5780821917808,2980.38
2019.5808219178082,2953.56
2019.5835616438355,2932.05
2019.5917808219178,2844.74
2019.5945205479452,2881.77
2019.5972602739726,2883.98
2019.6,2938.09
2019.6027397260275,2918.65
2019.6109589041096,2883.75
2019.613698630137,2926.32
2019.6164383561643,2840.6
2019.6191780821919,2847.6
2019.6219178082192,2888.68
2019.6301369863013,2923.65
2019.6328767123289,2900.51
2019.6356164383562,2924.43
2019.6383561643836,2922.95
2019.641095890411,2847.11
2019.6493150684933,2878.38
2019.6520547945206,2869.16
2019.654794520548,2887.94
2019.6575342465753,2924.58
2019.6602739726027,2926.46
2019.6712328767123,2906.27
2019.6739726027397,2937.78
2019.676712328767,2976.0
2019.6794520547944,2978.71
2019.6876712328767,2978.43
2019.690410958904,2979.39
2019.6931506849314,3000.93
2019.695890410959,3009.57
2019.6986301369864,3007.39
2019.7068493150684,2997.96
2019.7095890410958,3005.7
2019.7123287671234,3006.73
2019.7150684931507,3006.79
2019.717808219178,2992.07
2019.7260273972602,2991.78
2019.7287671232878,2966.6
2019.731506849315,2984.87
2019.7342465753425,2977.62
2019.7369863013698,2961.79
2019.7452054794521,2976.74
2019.7479452054795,2940.25
2019.7506849315068,2887.61
2019.7534246575342,2910.63
2019.7561643835616,2952.01
2019.7643835616439,2938.79
2019.7671232876712,2893.06
2019.7698630136986,2919.4
2019.772602739726,2938.13
2019.7753424657535,2970.27
2019.7835616438356,2966.15
2019.786301369863,2995.68
2019.7890410958903,2989.69
2019.7917808219179,2997.95
2019.7945205479452,2986.2
2019.8027397260273,3006.72
2019.805479452055,2995.99
2019.8082191780823,3004.52
2019.8109589041096,3010.29
2019.813698630137,3022.55
2019.8219178082193,3039.42
2019.8246575342466,3036.89
2019.827397260274,3046.77
2019.8301369863013,3037.56
2019.8328767123287,3066.91
2019.841095890411,3078.27
2019.8438356164384,3074.62
2019.8465753424657,3076.78
2019.849315068493,3085.18
2019.8520547945207,3093.08
2019.8602739726027,3087.01
2019.86301369863,3091.84
2019.8657534246574,3094.04
2019.868493150685,3096.63
2019.8712328767124,3120.46
2019.8794520547945,3122.03
2019.8821917808218,3120.18
2019.8849315068494,3108.46
2019.8876712328768,3103.54
2019.890410958904,3110.29
2019.8986301369864,3133.64
2019.9013698630138,3140.52
2019.9041095890411,3153.63
2019.9095890410958,3140.98
2019.9178082191781,3113.87
2019.9205479452055,3093.2
2019.9232876712329,3112.76
2019.9260273972602,3117.43
2019.9287671232876,3145.91
2019.9369863013699,3135.96
2019.9397260273972,3132.52
2019.9424657534246,3141.63
2019.945205479452,3168.57
2019.9479452054795,3168.8
2019.9561643835616,3191.45
2019.958904109589,3192.52
2019.9616438356165,3191.14
2019.964383561644,3205.37
2019.9671232876713,3221.22
2019.9753424657533,3224.01
2019.978082191781,3223.38
2019.9835616438356,3239.91
2019.986301369863,3240.02
2019.9945205479453,3221.29
2019.9972602739726,3230.78
2020.0027322404371,3257.85
2020.0054644808743,3234.85
2020.0136612021859,3246.28
2020.016393442623,3237.18
2020.01912568306,3253.05
2020.0218579234972,3274.7
2020.0245901639344,3265.35
2020.032786885246,3288.13
2020.035519125683,3283.15
2020.0382513661202,3289.29
2020.0409836065573,3316.81
2020.0437158469945,3329.62
2020.0546448087432,3320.79
2020.0573770491803,3321.75
2020.0601092896175,3325.54
2020.0628415300546,3295.47
2020.0710382513662,3243.63
2020.0737704918033,3276.24
2020.0765027322404,3273.4
2020.0792349726776,3283.66
2020.0819672131147,3225.52
2020.0901639344263,3248.92
2020.0928961748634,3297.59
2020.0956284153006,3334.69
2020.0983606557377,3345.78
2020.1010928961748,3327.71
2020.1092896174864,3352.09
2020.1120218579235,3357.75
2020.1147540983607,3379.45
2020.1174863387978,3373.94
2020.120218579235,3380.16
2020.1311475409836,3370.29
2020.1338797814208,3386.15
2020.136612021858,3373.23
2020.139344262295,3337.75
2020.1475409836066,3225.89
2020.1502732240438,3128.21
2020.1530054644809,3116.39
2020.155737704918,2978.76
2020.1584699453551,2954.22
2020.1666666666667,3090.23
2020.1693989071039,3003.37
2020.172131147541,3130.12
2020.1748633879781,3023.94
2020.1775956284152,2972.37
2020.1857923497269,2746.56
2020.188524590164,2882.23
2020.191256830601,2741.38
2020.1939890710382,2480.64
2020.1967213114754,2711.02
2020.204918032787,2386.13
2020.207650273224,2529.19
2020.2103825136612,2398.1
2020.2131147540983,2409.39
2020.2158469945355,2304.92
2020.224043715847,2237.4
2020.2267759562842,2447.33
2020.2295081967213,2475.56
2020.2322404371585,2630.07
2020.2349726775956,2541.47
2020.2431693989072,2626.65
2020.2459016393443,2584.59
2020.2486338797814,2470.5
2020.2513661202186,2526.9
2020.2540983606557,2488.65
2020.2622950819673,2663.68
2020.2650273224044,2659.41
2020.2677595628415,2749.98
2020.2704918032787,2789.82
2020.2814207650274,2761.63
2020.2841530054645,2846.06
2020.2868852459017,2783.36
2020.2896174863388,2799.55
2020.292349726776,2874.56
2020.3005464480875,2823.16
2020.3032786885246,2736.56
2020.3060109289618,2799.31
2020.308743169399,2797.8
2020.311475409836,2836.74
2020.3196721311476,2878.48
2020.3224043715848,2863.39
2020.3251366120219,2939.51
2020.327868852459,2912.43
2020.3306010928961,2830.71
2020.3387978142077,2842.74
2020.3415300546449,2868.44
2020.344262295082,2848.42
2020.3469945355191,2881.19
2020.3497267759562,2929.8
2020.3579234972678,2930.32
2020.360655737705,2870.12
2020.363387978142,2820.0
2020.3661202185792,2852.5
2020.3688524590164,2863.7
2020.377049180328,2953.91
2020.379781420765,2922.94
2020.3825136612022,2971.61
2020.3852459016393,2948.51
2020.3879781420765,2955.45
2020.3989071038252,2991.77
2020.4016393442623,3036.13
2020.4043715846994,3029.73
2020.4071038251366,3044.31
2020.4153005464482,3055.73
2020.4180327868853,3080.82
2020.4207650273224,3122.87
2020.4234972677596,3112.35
2020.4262295081967,3193.93
2020.4344262295083,3232.39
2020.4371584699454,3207.18
2020.4398907103825,3190.14
2020.4426229508197,3002.1
2020.4453551912568,3041.31
2020.4535519125684,3066.59
2020.4562841530055,3124.74
2020.4590163934427,3113.49
2020.4617486338798,3115.34
2020.464480874317,3097.74
2020.4726775956285,3117.86
2020.4754098360656,3131.29
2020.4781420765028,3050.33
2020.48087431694,3083.76
2020.483606557377,3009.05
2020.4918032786886,3053.24
2020.4945355191257,3100.29
2020.4972677595629,3115.86
2020.5,3130.01
2020.5109289617487,3179.72
2020.5136612021859,3145.32
2020.516393442623,3169.94
2020.51912568306,3152.05
2020.5218579234972,3185.04
2020.5300546448088,3155.22
2020.532786885246,3197.52
2020.535519125683,3226.56
2020.5382513661202,3215.57
2020.5409836065573,3224.73
2020.549180327869,3251.84
2020.551912568306,3257.3
2020.5546448087432,3276.02
2020.5573770491803,3235.66
2020.5601092896175,3215.63
2020.568306010929,3239.41
2020.5710382513662,3218.44
2020.5737704918033,3258.44
2020.5765027322404,3246.22
2020.5792349726776,3271.12
2020.5874316939892,3294.61
2020.5901639344263,3306.51
2020.5928961748634,3327.77
2020.5956284153006,3349.16
2020.5983606557377,3351.28
2020.6065573770493,3360.47
2020.6092896174864,3333.69
2020.6120218579235,3380.35
2020.6147540983607,3373.43
2020.6174863387978,3372.85
2020.6256830601094,3381.99
2020.6284153005465,3389.78
2020.6311475409836,3374.85
2020.6338797814208,3385.51
2020.636612021858,3397.16
2020.6448087431695,3431.28
2020.6475409836066,3443.62
2020.6502732240438,3478.73
2020.6530054644809,3484.55
2020.655737704918,3508.01
2020.6639344262296,3500.31
2020.6666666666667,3526.65
2020.6693989071039,3580.84
2020.672131147541,3455.06
2020.6748633879781,3426.96
2020.6857923497269,3331.84
2020.688524590164,3398.96
2020.691256830601,3339.19
2020.6939890710382,3340.97
2020.7021857923498,3383.54
2020.704918032787,3401.2
2020.707650273224,3385.49
2020.7103825136612,3357.01
2020.7131147540983,3319.47
2020.72131147541,3281.06
2020.724043715847,3315.57
2020.7267759562842,3236.92
2020.7295081967213,3246.59
2020.7322404371585,3298.46
2020.74043715847,3351.6
2020.7431693989072,3335.47
2020.7459016393443,3363.0
2020.7486338797814,3380.8
2020.7513661202186,3348.44
2020.75956284153,3408.63
2020.7622950819673,3360.95
2020.7650273224044,3419.45
2020.7677595628415,3446.83
2020.7704918032787,3477.13
2020.77868852459,3534.22
2020.7814207650274,3511.93
2020.7841530054645,3488.67
2020.7868852459017,3483.34
2020.7896174863388,3483.81
2020.7978142076502,3426.92
2020.8005464480875,3443.12
2020.8032786885246,3435.56
2020.8060109289618,3453.49
2020.808743169399,3465.39
2020.8169398907103,3400.97
2020.8196721311476,3390.68
2020.8224043715848,3271.03
2020.8251366120219,3310.11
2020.827868852459,3269.96
2020.8360655737704,3310.24
2020.8387978142077,3369.16
2020.8415300546449,3443.44
2020.844262295082,3510.45
2020.8469945355191,3509.44
2020.8551912568305,3550.5
2020.8579234972678,3545.53
2020.860655737705,3572.66
2020.863387978142,3537.01
2020.8661202185792,3585.15
2020.8743169398906,3626.91
2020.877049180328,3609.53
2020.879781420765,3567.79
2020.8825136612022,3581.87
2020.8852459016393,3557.54
2020.8934426229507,3577.59
2020.896174863388,3635.41
2020.8989071038252,3629.65
2020.9043715846994,3638.35
2020.9125683060108,3621.63
2020.9153005464482,3662.45
2020.9180327868853,3669.01
2020.9207650273224,3666.72
2020.9234972677596,3699.12
2020.931693989071,3691.96
2020.9344262295083,3702.25
2020.9371584699454,3672.82
2020.9398907103825,3668.1
2020.9426229508197,3663.46
2020.950819672131,3647.49
2020.9535519125684,3694.62
2020.9562841530055,3701.17
2020.9590163934427,3722.48
2020.9617486338798,3709.41
2020.9699453551912,3694.92
2020.9726775956285,3687.26
2020.9754098360656,3690.01
2020.9781420765028,3703.06
2020.9890710382513,3735.36
2020.9918032786886,3727.04
2020.9945355191257,3732.04
2020.9972677595629,3756.07
2021.0082191780823,3700.65
2021.0109589041097,3726.86
2021.013698630137,3748.14
2021.0164383561644,3803.79
2021.0191780821917,3824.68
2021.027397260274,3799.61
2021.0301369863014,3801.19
2021.0328767123287,3809.84
2021.035616438356,3795.54
2021.0383561643835,3768.25
2021.0493150684931,3798.91
2021.0520547945205,3851.85
2021.054794520548,3853.07
2021.0575342465754,3841.47
2021.0657534246575,3855.36
2021.0684931506848,3849.62
2021.0712328767124,3750.77
2021.0739726027398,3787.38
2021.0767123287671,3714.24
2021.0849315068492,3773.86
2021.0876712328768,3826.31
2021.0904109589042,3830.17
2021.0931506849315,3871.74
2021.0958904109589,3886.83
2021.1041095890412,3915.59
2021.1068493150685,3911.23
2021.109589041096,3909.88
2021.1123287671232,3916.38
2021.1150684931506,3934.83
2021.1260273972603,3932.59
2021.1287671232876,3931.33
2021.131506849315,3913.97
2021.1342465753426,3906.71
2021.1424657534246,3876.5
2021.145205479452,3881.37
2021.1479452054793,3925.43
2021.150684931507,3829.34
2021.1534246575343,3811.15
2021.1616438356164,3901.82
2021.164383561644,3870.29
2021.1671232876713,3819.72
2021.1698630136987,3768.47
2021.172602739726,3841.94
2021.1808219178083,3821.35
2021.1835616438357,3875.44
2021.186301369863,3898.81
2021.1890410958904,3939.34
2021.1917808219177,3943.34
2021.2,3968.94
2021.2027397260274,3962.71
2021.2054794520548,3974.12
2021.2082191780821,3915.46
2021.2109589041097,3913.1
2021.2191780821918,3940.59
2021.2219178082191,3910.52
2021.2246575342465,3889.14
2021.227397260274,3909.52
2021.2301369863014,3974.54
2021.2383561643835,3971.09
2021.2410958904109,3958.55
2021.2438356164384,3972.89
2021.2465753424658,4019.87
2021.2575342465752,4077.91
2021.2602739726028,4073.94
2021.2630136986302,4079.95
2021.2657534246575,4097.17
2021.268493150685,4128.8
2021.2767123287672,4127.99
2021.2794520547945,4141.59
2021.282191780822,4124.66
2021.2849315068493,4170.42
2021.2876712328766,4185.47
2021.295890410959,4163.26
2021.2986301369863,4134.94
2021.3013698630136,4173.42
2021.304109589041,4134.98
2021.3068493150686,4180.17
2021.3150684931506,4187.62
2021.317808219178,4186.72
2021.3205479452056,4183.18
2021.323287671233,4211.47
2021.3260273972603,4181.17
2021.3342465753424,4192.66
2021.33698630137,4164.66
2021.3397260273973,4167.59
2021.3424657534247,4201.62
2021.345205479452,4232.6
2021.3534246575343,4188.43
2021.3561643835617,4152.1
2021.358904109589,4063.04
2021.3616438356164,4112.5
2021.3643835616438,4173.85
2021.372602739726,4163.29
2021.3753424657534,4127.83
2021.3780821917808,4115.68
2021.3808219178081,4159.12
2021.3835616438357,4155.86
2021.3917808219178,4197.05
2021.3945205479451,4188.13
2021.3972602739725,4195.99
2021.4,4200.88
2021.4027397260274,4204.11
2021.4136986301369,4202.04
2021.4164383561645,4208.12
2021.4191780821918,4192.85
2021.4219178082192,4229.89
2021.4301369863015,4226.52
2021.4328767123288,4227.26
2021.4356164383562,4219.55
2021.4383561643835,4239.18
2021.441095890411,4247.44
2021.4493150684932,4255.15
2021.4520547945206,4246.59
2021.454794520548,4223.7
2021.4575342465753,4221.86
2021.4602739726026,4166.45
2021.468493150685,4224.79
2021.4712328767123,4246.44
2021.4739726027397,4241.84
2021.4767123287672,4266.49
2021.4794520547946,4280.7
2021.4876712328767,4290.61
2021.490410958904,4291.8
2021.4931506849316,4297.5
2021.495890410959,4319.94
2021.4986301369863,4352.34
2021.509589041096,4343.54
2021.5123287671233,4358.13
2021.5150684931507,4320.82
2021.517808219178,4369.55
2021.5260273972603,4384.63
2021.5287671232877,4369.21
2021.531506849315,4374.3
2021.5342465753424,4360.03
2021.5369863013698,4327.16
2021.545205479452,4258.49
2021.5479452054794,4323.06
2021.5506849315068,4358.69
2021.5534246575342,4367.48
2021.5561643835617,4411.79
2021.5643835616438,4422.3
2021.5671232876712,4401.46
2021.5698630136985,4400.64
2021.572602739726,4419.15
2021.5753424657535,4395.26
2021.5835616438355,4387.16
2021.5863013698631,4423.15
2021.5890410958905,4402.66
2021.5917808219178,4429.1
2021.5945205479452,4436.52
2021.6027397260275,4432.35
2021.6054794520549,4436.75
2021.6082191780822,4447.7
2021.6109589041096,4460.83
2021.613698630137,4468.0
2021.6219178082192,4479.71
2021.6246575342466,4448.08
2021.627397260274,4400.27
2021.6301369863013,4405.8
2021.6328767123289,4441.67
2021.641095890411,4479.53
2021.6438356164383,4486.23
2021.6465753424657,4496.19
2021.6493150684933,4470.0
2021.6520547945206,4509.37
2021.6602739726027,4528.79
2021.66301369863,4522.68
2021.6657534246576,4524.09
2021.668493150685,4536.95
2021.6712328767123,4535.43
2021.682191780822,4520.03
2021.6849315068494,4514.07
2021.6876712328767,4493.28
2021.690410958904,4458.58
2021.6986301369864,4468.73
2021.7013698630137,4443.05
2021.704109589041,4480.7
2021.7068493150684,4473.75
2021.7095890410958,4432.99
2021.717808219178,4357.73
2021.7205479452055,4354.19
2021.7232876712328,4395.64
2021.7260273972602,4448.98
2021.7287671232878,4455.48
2021.7369863013698,4443.11
2021.7397260273972,4352.63
2021.7424657534248,4359.46
2021.7452054794521,4307.54
2021.7479452054795,4357.04
2021.7561643835616,4300.46
2021.7589041095891,4345.72
2021.7616438356165,4363.55
2021.7643835616439,4399.76
2021.7671232876712,4391.34
2021.7753424657535,4361.19
2021.7780821917809,4350.65
2021.7808219178082,4363.8
2021.7835616438356,4438.26
2021.786301369863,4471.37
2021.7945205479452,4486.46
2021.7972602739726,4519.63
2021.8,4536.19
2021.8027397260273,4549.78
2021.805479452055,4544.9
2021.813698630137,4566.48
2021.8164383561643,4574.79
2021.8191780821917,4551.68
2021.8219178082193,4596.42
2021.8246575342466,4605.38
2021.8328767123287,4613.67
2021.835616438356,4630.65
2021.8383561643836,4660.57
2021.841095890411,4680.06
2021.8438356164384,4697.53
2021.8520547945207,4701.7
2021.854794520548,4685.25
2021.8575342465754,4646.71
2021.8602739726027,4649.27
2021.86301369863,4682.85
2021.8712328767124,4682.8
2021.8739726027397,4700.9
2021.876712328767,4688.67
2021.8794520547945,4704.54
2021.8821917808218,4697.96
2021.890410958904,4682.94
2021.8931506849315,4690.7
2021.8958904109588,4701.46
2021.9013698630138,4594.62
2021.9095890410958,4655.27
2021.9123287671232,4567.0
2021.9150684931508,4513.04
2021.9178082191781,4577.1
2021.9205479452055,4538.43
2021.9287671232876,4591.67
2021.9315068493152,4686.75
2021.9342465753425,4701.21
2021.9369863013699,4667.45
2021.9397260273972,4712.02
2021.9479452054795,4668.97
2021.9506849315069,4634.09
2021.9534246575342,4709.85
2021.9561643835616,4668.67
2021.958904109589,4620.64
2021.9671232876713,4568.02
2021.9698630136986,4649.23
2021.972602739726,4696.56
2021.9753424657533,4725.79
2021.986301369863,4791.19
2021.9890410958903,4786.35
2021.9917808219177,4793.06
2021.9945205479453,4778.73
2021.9972602739726,4766.18
2022.0054794520547,4796.56
2022.0082191780823,4793.54
2022.0109589041097,4700.58
2022.013698630137,4696.05
2022.0164383561644,4677.03
2022.0246575342467,4670.29
2022.027397260274,4713.07
2022.0301369863014,4726.35
2022.0328767123287,4659.03
2022.035616438356,4662.85
2022.0465753424658,4577.11
2022.0493150684931,4532.76
2022.0520547945205,4482.73
2022.054794520548,4397.94
2022.0630136986301,4410.13
2022.0657534246575,4356.45
2022.0684931506848,4349.93
2022.0712328767124,4326.51
2022.0739726027398,4431.85
2022.0821917808219,4515.55
2022.0849315068492,4546.54
2022.0876712328768,4589.38
2022.0904109589042,4477.44
2022.0931506849315,4500.53
2022.1013698630136,4483.87
2022.1041095890412,4521.54
2022.1068493150685,4587.18
2022.109589041096,4504.08
2022.1123287671232,4418.64
2022.1205479452055,4401.67
2022.123287671233,4471.07
2022.1260273972603,4475.01
2022.1287671232876,4380.26
2022.131506849315,4348.87
2022.1424657534246,4304.76
2022.145205479452,4225.5
2022.1479452054793,4288.7
2022.150684931507,4384.65
2022.158904109589,4373.94
2022.1616438356164,4306.26
2022.164383561644,4386.54
2022.1671232876713,4363.49
2022.1698630136987,4328.87
2022.1780821917807,4201.09
2022.1808219178083,4170.7
2022.1835616438357,4277.88
2022.186301369863,4259.52
2022.1890410958904,4204.31
2022.1972602739727,4173.11
2022.2,4262.45
2022.2027397260274,4357.86
2022.2054794520548,4411.67
2022.2082191780821,4463.12
2022.2164383561644,4461.18
2022.2191780821918,4511.61
2022.2219178082191,4456.24
2022.2246575342465,4520.16
2022.227397260274,4543.06
2022.2356164383561,4575.52
2022.2383561643835,4631.6
2022.2410958904109,4602.45
2022.2438356164384,4530.41
2022.2465753424658,4545.86
2022.2547945205479,4582.64
2022.2575342465752,4525.12
2022.2602739726028,4481.15
2022.2630136986302,4500.21
2022.2657534246575,4488.28
2022.2739726027398,4412.53
2022.2767123287672,4397.45
2022.2794520547945,4446.59
2022.282191780822,4392.59
2022.2931506849316,4391.69
2022.295890410959,4462.21
2022.2986301369863,4459.45
2022.3013698630136,4393.66
2022.304109589041,4271.78
2022.3123287671233,4296.12
2022.3150684931506,4175.2
2022.317808219178,4183.96
2022.3205479452056,4287.5
2022.323287671233,4131.93
2022.331506849315,4155.38
2022.3342465753424,4175.48
2022.33698630137,4300.17
2022.3397260273973,4146.87
2022.3424657534247,4123.34
2022.3506849315067,3991.24
2022.3534246575343,4001.05
2022.3561643835617,3935.18
2022.358904109589,3930.08
2022.3616438356164,4023.89
2022.3698630136987,4008.01
2022.372602739726,4088.85
2022.3753424657534,3923.68
2022.3780821917808,3900.79
2022.3808219178081,3901.36
2022.3890410958904,3973.75
2022.3917808219178,3941.48
2022.3945205479451,3978.73
2022.3972602739725,4057.84
2022.4,4158.24
2022.4109589041095,4132.15
2022.4136986301369,4101.23
2022.4164383561645,4176.82
2022.4191780821918,4108.54
2022.427397260274,4121.43
2022.4301369863015,4160.68
2022.4328767123288,4115.77
2022.4356164383562,4017.82
2022.4383561643835,3900.86
2022.4465753424658,3749.63
2022.4493150684932,3735.48
2022.4520547945206,3789.99
2022.454794520548,3666.77
2022.4575342465753,3674.84
2022.468493150685,3764.79
2022.4712328767123,3759.89
2022.4739726027397,3795.73
2022.4767123287672,3911.74
2022.4849315068493,3900.11
2022.4876712328767,3821.55
2022.490410958904,3818.83
2022.4931506849316,3785.38
2022.495890410959,3825.33
2022.5068493150684,3831.39
2022.509589041096,3845.08
2022.5123287671233,3902.62
2022.5150684931507,3899.38
2022.5232876712328,3854.43
2022.5260273972603,3818.8
2022.5287671232877,3801.78
2022.531506849315,3790.38
2022.5342465753424,3863.16
2022.5424657534247,3830.85
2022.545205479452,3936.69
2022.5479452054794,3959.9
2022.5506849315068,3998.95
2022.5534246575342,3961.63
2022.5616438356165,3966.84
2022.5643835616438,3921.05
2022.5671232876712,4023.61
2022.5698630136985,4072.43
2022.572602739726,4130.29
2022.5808219178082,4118.63
2022.5835616438355,4091.19
2022.5863013698631,4155.17
2022.5890410958905,4151.94
2022.5917808219178,4145.19
2022.6,4140.06
2022.6027397260275,4122.47
2022.6054794520549,4210.24
2022.6082191780822,4207.27
2022.6109589041096,4280.15
2022.6191780821919,4297.14
2022.6219178082192,4305.2
2022.6246575342466,4274.04
2022.627397260274,4283.74
2022.6301369863013,4228.48
2022.6383561643836,4137.99
2022.641095890411,4128.73
2022.6438356164383,4140.77
2022.6465753424657,4199.12
2022.6493150684933,4057.66
2022.6575342465753,4030.61
2022.6602739726027,3986.16
2022.66301369863,3955.0
2022.6657534246576,3966.85
2022.668493150685,3924.26
2022.6794520547944,3908.19
2022.682191780822,3979.87
2022.6849315068494,4006.18
2022.6876712328767,4067.36
2022.695890410959,4110.41
2022.6986301369864,3932.69
2022.7013698630137,3946.01
2022.704109589041,3901.35
2022.7068493150684,3873.33
2022.7150684931507,3899.89
2022.717808219178,3855.93
2022.7205479452055,3789.93
2022.7232876712328,3757.99
2022.7260273972602,3693.23
2022.7342465753425,3655.04
2022.7369863013698,3647.29
2022.7397260273972,3719.04
2022.7424657534248,3640.47
2022.7452054794521,3585.62
2022.7534246575342,3678.43
2022.7561643835616,3790.93
2022.7589041095891,3783.28
2022.7616438356165,3744.52
2022.7643835616439,3639.66
2022.772602739726,3612.39
2022.7753424657535,3588.84
2022.7780821917809,3577.03
2022.7808219178082,3669.91
2022.7835616438356,3583.07
2022.7917808219179,3677.95
2022.7945205479452,3719.98
2022.7972602739726,3695.16
2022.8,3665.78
2022.8027397260273,3752.75
2022.8109589041096,3797.34
2022.813698630137,3859.11
2022.8164383561643,3830.6
2022.8191780821917,3807.3
2022.8219178082193,3901.06
2022.8301369863013,3871.98
2022.8328767123287,3856.1
2022.835616438356,3759.69
2022.8383561643836,3719.89
2022.841095890411,3770.55
2022.849315068493,3806.8
2022.8520547945207,3828.11
2022.854794520548,3748.57
2022.8575342465754,3956.37
2022.8602739726027,3992.93
2022.868493150685,3957.25
2022.8712328767124,3991.73
2022.8739726027397,3958.79
2022.876712328767,3946.56
2022.8794520547945,3965.34
2022.8876712328768,3949.94
2022.890410958904,4003.58
2022.8931506849315,4027.26
2022.8986301369864,4026.12
2022.9068493150685,3963.94
2022.9095890410958,3957.63
2022.9123287671232,4080.11
2022.9150684931508,4076.57
2022.9178082191781,4071.7
2022.9260273972602,3998.84
2022.9287671232876,3941.26
2022.9315068493152,3933.92
2022.9342465753425,3963.51
2022.9369863013699,3934.38
2022.945205479452,3990.56
2022.9479452054795,4019.65
2022.9506849315069,3995.32
2022.9534246575342,3895.75
2022.9561643835616,3852.36
2022.964383561644,3817.66
2022.9671232876713,3821.62
2022.9698630136986,3878.44
2022.972602739726,3822.39
2022.9753424657533,3844.82
2022.986301369863,3829.25
2022.9890410958903,3783.22
2022.9917808219177,3849.28
2022.9945205479453,3839.5
2022.9972602739726,3839.5
2023.0054794520547,3824.14
2023.0082191780823,3852.97
2023.0109589041097,3808.1
2023.013698630137,3895.08
2023.021917808219,3892.09
2023.0246575342467,3919.25
2023.027397260274,3969.61
2023.0301369863014,3983.17
2023.0328767123287,3999.09
2023.0438356164384,3990.97
2023.0465753424658,3928.86
2023.0493150684931,3898.85
2023.0520547945205,3972.61
2023.0602739726028,4019.81
2023.0630136986301,4016.95
2023.0657534246575,4016.22
2023.0684931506848,4060.43
2023.0712328767124,4070.56
2023.0794520547945,4017.77
2023.0821917808219,4076.6
2023.0849315068492,4119.21
2023.0876712328768,4179.76
2023.0904109589042,4136.48
2023.0986301369862,4111.08
2023.1013698630136,4164.0
2023.1041095890412,4117.86
2023.1068493150685,4081.5
2023.109589041096,4090.46
2023.1178082191782,4137.29
2023.1205479452055,4136.13
2023.123287671233,4147.6
2023.1260273972603,4090.41
2023.1287671232876,4079.09
2023.1397260273973,3997.34
2023.1424657534246,3991.05
2023.145205479452,4012.32
2023.1479452054793,3970.04
2023.1561643835616,3982.24
2023.158904109589,3970.15
2023.1616438356164,3951.39
2023.164383561644,3981.35
2023.1671232876713,4045.64
2023.1753424657534,4048.42
2023.1780821917807,3986.37
2023.1808219178083,3992.01
2023.1835616438357,3918.32
2023.186301369863,3861.59
2023.194520547945,3855.76
2023.1972602739727,3919.29
2023.2,3891.93
2023.2027397260274,3960.28
2023.2054794520548,3916.64
2023.213698630137,3951.57
2023.2164383561644,4002.87
2023.2191780821918,3936.97
2023.2219178082191,3948.72
2023.2246575342465,3970.99
2023.2328767123288,3977.53
2023.2356164383561,3971.27
2023.2383561643835,4027.81
2023.2410958904109,4050.83
2023.2438356164384,4109.31
2023.2520547945205,4124.51
2023.2547945205479,4100.6
2023.2575342465752,4090.38
2023.2602739726028,4105.02
2023.2712328767122,4109.11
2023.2739726027398,4108.94
2023.2767123287672,4091.95
2023.2794520547945,4146.22
2023.282191780822,4137.64
2023.2904109589042,4151.32
2023.2931506849316,4154.87
2023.295890410959,4154.52
2023.2986301369863,4129.79
2023.3013698630136,4133.52
2023.309589041096,4137.04
2023.3123287671233,4071.63
2023.3150684931506,4055.99
2023.317808219178,4135.35
2023.3205479452056,4169.48
2023.3287671232877,4167.87
2023.331506849315,4119.58
2023.3342465753424,4090.75
2023.33698630137,4061.22
2023.3397260273973,4136.25
2023.3479452054794,4138.12
2023.3506849315067,4119.17
2023.3534246575343,4137.64
2023.3561643835617,4130.62
2023.358904109589,4124.08
2023.3671232876711,4136.28
2023.3698630136987,4109.9
2023.372602739726,4158.77
2023.3753424657534,4198.05
2023.3780821917808,4191.98
2023.386301369863,4192.63
2023.3890410958904,4145.58
2023.3917808219178,4115.24
2023.3945205479451,4151.28
2023.3972602739725,4205.45
2023.4082191780822,4205.52
2023.4109589041095,4179.83
2023.4136986301369,4221.02
2023.4164383561645,4282.37
2023.4246575342465,4273.79
2023.427397260274,4283.85
2023.4301369863015,4267.52
2023.4328767123288,4293.93
2023.4356164383562,4298.86
2023.4438356164383,4338.93
2023.4465753424658,4369.01
2023.4493150684932,4372.59
2023.4520547945206,4425.84
2023.454794520548,4409.59
2023.4657534246576,4388.71
2023.468493150685,4365.69
2023.4712328767123,4381.89
2023.4739726027397,4348.33
2023.482191780822,4328.82
2023.4849315068493,4378.41
2023.4876712328767,4376.86
2023.490410958904,4396.44
2023.4931506849316,4450.38
2023.5013698630137,4455.59
2023.5068493150684,4446.82
2023.509589041096,4411.59
2023.5123287671233,4398.95
2023.5205479452054,4409.53
2023.5232876712328,4439.26
2023.5260273972603,4472.16
2023.5287671232877,4510.04
2023.531506849315,4505.42
2023.5397260273974,4522.79
2023.5424657534247,4554.98
2023.545205479452,4565.72
2023.5479452054794,4534.87
2023.5506849315068,4536.34
2023.558904109589,4554.64
2023.5616438356165,4567.46
2023.5643835616438,4566.75
2023.5671232876712,4537.41
2023.5698630136985,4582.23
2023.5780821917808,4588.96
2023.5808219178082,4576.73
2023.5835616438355,4513.39
2023.5863013698631,4501.89
2023.5890410958905,4478.03
2023.5972602739726,4518.44
2023.6,4499.38
2023.6027397260275,4467.71
2023.6054794520549,4468.83
2023.6082191780822,4464.05
2023.6164383561643,4489.72
2023.6191780821919,4437.86
2023.6219178082192,4404.33
2023.6246575342466,4370.36
2023.627397260274,4369.71
2023.6356164383562,4399.77
2023.6383561643836,4387.55
2023.641095890411,4436.01
2023.6438356164383,4376.31
2023.6465753424657,4405.71
2023.654794520548,4433.31
2023.6575342465753,4497.63
2023.6602739726027,4514.87
2023.66301369863,4507.66
2023.6657534246576,4515.77
2023.676712328767,4496.83
2023.6794520547944,4465.48
2023.682191780822,4451.14
2023.6849315068494,4457.49
2023.6931506849314,4487.46
2023.695890410959,4461.9
2023.6986301369864,4467.44
2023.7013698630137,4505.1
2023.704109589041,4450.32
2023.7123287671234,4453.53
2023.7150684931507,4443.95
2023.717808219178,4402.2
2023.7205479452055,4330.0
2023.7232876712328,4320.06
2023.731506849315,4337.44
2023.7342465753425,4273.53
2023.7369863013698,4274.51
2023.7397260273972,4299.7
2023.7424657534248,4288.05
2023.7506849315068,4288.39
2023.7534246575342,4229.45
2023.7561643835616,4263.75
2023.7589041095891,4258.19
2023.7616438356165,4308.5
2023.7698630136986,4335.66
2023.772602739726,4358.24
2023.7753424657535,4376.95
2023.7780821917809,4349.61
2023.7808219178082,4327.78
2023.7890410958903,4373.63
2023.7917808219179,4373.2
2023.7945205479452,4314.6
2023.7972602739726,4278.0
2023.8,4224.16
2023.8082191780823,4217.04
2023.8109589041096,4247.68
2023.813698630137,4186.77
2023.8164383561643,4137.23
2023.8191780821917,4117.37
2023.827397260274,4166.82
2023.8301369863013,4193.8
2023.8328767123287,4237.86
2023.835616438356,4317.78
2023.8383561643836,4358.34
2023.8465753424657,4365.98
2023.849315068493,4378.38
2023.8520547945207,4382.78
2023.854794520548,4347.35
2023.8575342465754,4415.24
2023.8657534246574,4411.55
2023.868493150685,4495.7
2023.8712328767124,4502.88
2023.8739726027397,4508.24
2023.876712328767,4514.02
2023.8849315068494,4547.38
2023.8876712328768,4538.19
2023.890410958904,4556.62
2023.8958904109588,4559.34
2023.9041095890411,4550.43
2023.9068493150685,4554.89
2023.9095890410958,4550.58
2023.9123287671232,4567.8
2023.9150684931508,4594.63
2023.9232876712329,4569.78
2023.9260273972602,4567.18
2023.9287671232876,4549.34
2023.9315068493152,4585.59
2023.9342465753425,4604.37
2023.9424657534246,4622.44
2023.945205479452,4643.7
2023.9479452054795,4707.09
2023.9506849315069,4719.55
2023.9534246575342,4719.19
2023.9616438356165,4740.56
2023.964383561644,4768.37
2023.9671232876713,4698.35
2023.9698630136986,4746.75
2023.972602739726,4754.63
2023.9835616438356,4774.75
2023.986301369863,4781.58
2023.9890410958903,4783.35
2023.9917808219177,4769.83
2024.0027322404371,4742.83
2024.0054644808743,4704.81
2024.0081967213114,4688.68
2024.0109289617487,4697.24
2024.01912568306,4763.54
2024.0218579234972,4756.5
2024.0245901639344,4783.45
2024.0273224043715,4780.24
2024.0300546448088,4783.83
2024.0409836065573,4765.98
2024.0437158469945,4739.21
2024.0464480874316,4780.94
2024.049180327869,4839.81
2024.0573770491803,4850.43
2024.0601092896175,4864.6
2024.0628415300546,4868.55
2024.0655737704917,4894.16
2024.068306010929,4890.97
2024.0765027322404,4927.93
2024.0792349726776,4924.97
2024.0819672131147,4845.65
2024.0846994535518,4906.19
2024.0874316939892,4958.61
2024.0956284153006,4942.81
2024.0983606557377,4954.23
2024.1010928961748,4995.06
2024.103825136612,4997.91
2024.1065573770493,5026.61
2024.1147540983607,5021.84
2024.1174863387978,4953.17
2024.120218579235,5000.62
2024.122950819672,5029.73
2024.1256830601094,5005.57
2024.136612021858,4975.51
2024.139344262295,4981.8
2024.1420765027322,5087.03
2024.1448087431695,5088.8
2024.1530054644809,5069.53
2024.155737704918,5078.18
2024.1584699453551,5069.76
2024.1612021857923,5096.27
2024.1639344262296,5137.08
2024.172131147541,5130.95
2024.1748633879781,5078.65
2024.1775956284152,5104.76
2024.1803278688524,5157.36
2024.1830601092897,5123.69
2024.191256830601,5117.94
2024.1939890710382,5175.27
2024.1967213114754,5165.31
2024.1994535519125,5150.48
2024.2021857923498,5117.09
2024.2103825136612,5149.42
2024.2131147540983,5178.51
2024.2158469945355,5224.62
2024.2185792349726,5241.53
2024.22131147541,5234.18
2024.2295081967213,5218.19
2024.2322404371585,5203.58
2024.2349726775956,5248.49
2024.2377049180327,5254.35
2024.2486338797814,5243.77
2024.2513661202186,5205.81
2024.2540983606557,5211.49
2024.2568306010928,5147.21
2024.25956284153,5204.34
2024.2677595628415,5202.39
2024.2704918032787,5209.91
2024.2732240437158,5160.64
2024.275956284153,5199.06
2024.27868852459,5123.41
2024.2868852459017,5061.82
2024.2896174863388,5051.41
2024.292349726776,5022.21
2024.295081967213,5011.12
2024.2978142076502,4967.23
2024.3060109289618,5010.6
2024.308743169399,5070.55
2024.311475409836,5071.63
2024.3142076502731,5048.42
2024.3169398907103,5099.96
2024.3251366120219,5116.17
2024.327868852459,5035.69
2024.3306010928961,5018.39
2024.3333333333333,5064.2
2024.3360655737704,5127.79
2024.344262295082,5180.74
2024.3469945355191,5187.7
2024.3497267759562,5187.67
2024.3524590163934,5214.08
2024.3551912568305,5222.68
2024.363387978142,5221.42
2024.3661202185792,5246.68
2024.3688524590164,5308.15
2024.3715846994535,5297.1
2024.3743169398906,5303.27
2024.3825136612022,5308.13
2024.3852459016393,5321.41
2024.3879781420765,5307.01
2024.3907103825136,5267.84
2024.3934426229507,5304.72
2024.4043715846994,5306.04
2024.4071038251366,5266.95
2024.4098360655737,5235.48
2024.4125683060108,5277.51
2024.4207650273224,5283.4
2024.4234972677596,5291.34
2024.4262295081967,5354.03
2024.4289617486338,5352.96
2024.431693989071,5346.99
2024.4398907103825,5360.79
2024.4426229508197,5375.32
2024.4453551912568,5421.03
2024.448087431694,5433.74
2024.450819672131,5431.6
2024.4590163934427,5473.23
2024.4617486338798,5487.03
2024.467213114754,5473.17
2024.4699453551912,5464.62
2024.4781420765028,5447.87
2024.48087431694,5469.3
2024.483606557377,5477.9
2024.4863387978141,5482.87
2024.4890710382513,5460.48
2024.4972677595629,5475.09
2024.5,5509.01
2024.5027322404371,5537.02
2024.5081967213114,5567.19
2024.516393442623,5572.85
2024.51912568306,5576.98
2024.5218579234972,5633.91
2024.5245901639344,5584.54
2024.5273224043715,5615.35
2024.535519125683,5631.22
2024.5382513661202,5667.2
2024.5409836065573,5588.27
2024.5437158469945,5544.59
2024.5464480874316,5505.0
2024.5546448087432,5564.41
2024.5573770491803,5555.74
2024.5601092896175,5427.13
2024.5628415300546,5399.22
2024.5655737704917,5459.1
2024.5737704918033,5463.54
2024.5765027322404,5436.44
2024.5792349726776,5522.3
2024.5819672131147,5446.68
2024.5846994535518,5346.56
2024.5928961748634,5186.33
2024.5956284153006,5240.03
2024.5983606557377,5199.5
2024.6010928961748,5319.31
2024.603825136612,5344.16
2024.6120218579235,5344.39
2024.6147540983607,5434.43
2024.6174863387978,5455.21
2024.620218579235,5543.22
2024.622950819672,5554.25
2024.6311475409836,5608.25
2024.6338797814208,5597.12
2024.636612021858,5620.85
2024.639344262295,5570.64
2024.6420765027322,5634.61
2024.6502732240438,5616.84
2024.6530054644809,5625.8
2024.655737704918,5592.18
2024.6584699453551,5591.96
2024.6612021857923,5648.4
2024.672131147541,5528.93
2024.6748633879781,5520.07
2024.6775956284152,5503.41
2024.6803278688524,5408.42
2024.688524590164,5471.05
2024.691256830601,5495.52
2024.6939890710382,5554.13
2024.6967213114754,5595.76
2024.6994535519125,5626.02
2024.707650273224,5633.09
2024.7103825136612,5634.58
2024.7131147540983,5618.26
2024.7158469945355,5713.64
2024.7185792349726,5702.55
2024.7267759562842,5718.57
2024.7295081967213,5732.93
2024.7322404371585,5722.26
2024.7349726775956,5745.37
2024.7377049180327,5738.17
2024.7459016393443,5762.48
2024.7486338797814,5708.75
2024.7513661202186,5709.54
2024.7540983606557,5699.94
2024.7568306010928,5751.07
2024.7650273224044,5695.94
2024.7677595628415,5751.13
2024.7704918032787,5792.04
2024.7732240437158,5780.05
2024.775956284153,5815.03
2024.7841530054645,5859.85
2024.7868852459017,5815.26
2024.7896174863388,5842.47
2024.792349726776,5841.47
2024.795081967213,5864.67
2024.8032786885246,5853.98
2024.8060109289618,5851.2
2024.808743169399,5797.42
2024.811475409836,5809.86
2024.8142076502731,5808.12
2024.8224043715848,5823.52
2024.8251366120219,5832.92
2024.827868852459,5813.67
2024.8306010928961,5705.45
2024.8333333333333,5728.8
2024.8415300546449,5712.69
2024.844262295082,5782.76
2024.8469945355191,5929.04
2024.8497267759562,5973.1
2024.8524590163934,5995.54
2024.860655737705,6001.35
2024.863387978142,5983.99
2024.8661202185792,5985.38
2024.8688524590164,5949.17
2024.8715846994535,5870.62
2024.879781420765,5893.62
2024.8825136612022,5916.98
2024.8852459016393,5917.11
2024.8879781420765,5948.71
2024.8907103825136,5969.34
2024.8989071038252,5987.37
2024.9016393442623,6021.63
2024.9043715846994,5998.74
2024.9098360655737,6032.38
2024.9180327868853,6047.15
2024.9207650273224,6049.88
2024.9234972677596,6086.49
2024.9262295081967,6075.11
2024.9289617486338,6090.27
2024.9371584699454,6052.85
2024.9398907103825,6034.91
2024.9426229508197,6084.19
2024.9453551912568,6051.25
2024.948087431694,6051.09
2024.9562841530055,6074.08
2024.9590163934427,6050.61
2024.9617486338798,5872.16
2024.964480874317,5867.08
2024.967213114754,5930.85
2024.9754098360656,5974.07
2024.9781420765028,6040.04
2024.983606557377,6037.59
2024.9863387978141,5970.84
2024.9945355191257,5906.94
2024.9972677595629,5881.63
2025.0027397260274,5868.55
2025.0054794520547,5942.47
2025.013698630137,5975.38
2025.0164383561644,5909.03
2025.0191780821917,5918.25
2025.0246575342467,5827.04
2025.0328767123287,5836.22
2025.035616438356,5842.91
2025.0383561643835,5949.91
2025.041095890411,5937.34
2025.0438356164384,5996.66
2025.054794520548,6049.24
2025.0575342465754,6086.37
2025.0602739726028,6118.71
2025.0630136986301,6101.24
2025.0712328767124,6012.28
2025.0739726027398,6067.7
2025.0767123287671,6039.31
2025.0794520547945,6071.17
2025.0821917808219,6040.53
2025.0904109589042,5994.57
2025.0931506849315,6037.88
2025.0958904109589,6061.48
2025.0986301369862,6083.57
2025.1013698630136,6025.99
2025.109589041096,6066.44
2025.1123287671232,6068.5
2025.1150684931506,6051.97
2025.1178082191782,6115.07
2025.1205479452055,6114.63
2025.131506849315,6129.58
2025.1342465753426,6144.15
2025.13698630137,6117.52
2025.1397260273973,6013.13
2025.1479452054793,5983.25
2025.150684931507,5955.25
2025.1534246575343,5956.06
2025.1561643835616,5861.57
2025.158904109589,5954.5
2025.1671232876713,5849.72
2025.1698630136987,5778.15
2025.172602739726,5842.63
2025.1753424657534,5738.52
2025.1780821917807,5770.2
2025.186301369863,5614.56
2025.1890410958904,5572.07
2025.1917808219177,5599.3
2025.194520547945,5521.52
2025.1972602739727,5638.94
2025.2054794520548,5675.12
2025.2082191780821,5614.66
2025.2109589041097,5675.29
2025.213698630137,5662.89
2025.2164383561644,5667.56
2025.2246575342465,5767.57
2025.227397260274,5776.65
2025.2301369863014,5712.2
2025.2328767123288,5693.31
2025.2356164383561,5580.94
2025.2438356164384,5611.85
2025.2465753424658,5633.07
2025.2493150684932,5670.97
2025.2520547945205,5396.52
2025.2547945205479,5074.08
2025.2630136986302,5062.25
2025.2657534246575,4982.77
2025.268493150685,5456.9
2025.2712328767122,5268.05
2025.2739726027398,5363.36
2025.282191780822,5405.97
2025.2849315068493,5396.63
2025.2876712328766,5275.7